Workbook

Sheet สรุป
A1: นิติมิตร — รายการฟีเจอร์ MVP (เฟส P0 + P1)
A2: ที่มา: docs/02-srs.md (ฉบับ 1.8, 1 ต.ค. 2569) · สถานะตรวจเทียบโค้ดและหน้าจอจริง ณ 1 ต.ค. 2569 · ตัวเลขทุกช่องในหน้านี้คำนวณจากชีต “ฟีเจอร์ MVP” อัตโนมัติ
A4: รหัสโมดูล | B4: โมดูล | C4: กลุ่ม requirement | D4: จำนวนฟีเจอร์ | E4: Must | F4: Should | G4: Could | H4: P0 (วางฐาน) | I4: P1 (MVP) | J4: เสร็จแล้ว | K4: % เสร็จ | L4: กำลังทำ | M4: ยังไม่เริ่ม
A5: M1 | B5: บัญชีผู้ใช้และการเข้าถึง | C5: FR-AUTH | D5: =COUNTIFS('ฟีเจอร์ MVP'!$B:$B,$C5&"-*") -> 23 | E5: =COUNTIFS('ฟีเจอร์ MVP'!$B:$B,$C5&"-*",'ฟีเจอร์ MVP'!$H:$H,"Must*") -> 17 | F5: =COUNTIFS('ฟีเจอร์ MVP'!$B:$B,$C5&"-*",'ฟีเจอร์ MVP'!$H:$H,"Should*") -> 6 | G5: =COUNTIFS('ฟีเจอร์ MVP'!$B:$B,$C5&"-*",'ฟีเจอร์ MVP'!$H:$H,"Could*") -> 0 | H5: =COUNTIFS('ฟีเจอร์ MVP'!$B:$B,$C5&"-*",'ฟีเจอร์ MVP'!$I:$I,"P0") -> 6 | I5: =COUNTIFS('ฟีเจอร์ MVP'!$B:$B,$C5&"-*",'ฟีเจอร์ MVP'!$I:$I,"P1") -> 17 | J5: =COUNTIFS('ฟีเจอร์ MVP'!$B:$B,$C5&"-*",'ฟีเจอร์ MVP'!$L:$L,"เสร็จแล้ว") -> 13 | K5: =IFERROR(J5/D5,0) -> 0.56521739 | L5: =COUNTIFS('ฟีเจอร์ MVP'!$B:$B,$C5&"-*",'ฟีเจอร์ MVP'!$L:$L,"กำลังทำ") -> 10 | M5: =COUNTIFS('ฟีเจอร์ MVP'!$B:$B,$C5&"-*",'ฟีเจอร์ MVP'!$L:$L,"ยังไม่เริ่ม") -> 0
A6: M2 | B6: แชทถามกฎหมาย (หน้าจอและการใช้งาน) | C6: FR-CHAT | D6: =COUNTIFS('ฟีเจอร์ MVP'!$B:$B,$C6&"-*") -> 31 | E6: =COUNTIFS('ฟีเจอร์ MVP'!$B:$B,$C6&"-*",'ฟีเจอร์ MVP'!$H:$H,"Must*") -> 16 | F6: =COUNTIFS('ฟีเจอร์ MVP'!$B:$B,$C6&"-*",'ฟีเจอร์ MVP'!$H:$H,"Should*") -> 14 | G6: =COUNTIFS('ฟีเจอร์ MVP'!$B:$B,$C6&"-*",'ฟีเจอร์ MVP'!$H:$H,"Could*") -> 1 | H6: =COUNTIFS('ฟีเจอร์ MVP'!$B:$B,$C6&"-*",'ฟีเจอร์ MVP'!$I:$I,"P0") -> 0 | I6: =COUNTIFS('ฟีเจอร์ MVP'!$B:$B,$C6&"-*",'ฟีเจอร์ MVP'!$I:$I,"P1") -> 31 | J6: =COUNTIFS('ฟีเจอร์ MVP'!$B:$B,$C6&"-*",'ฟีเจอร์ MVP'!$L:$L,"เสร็จแล้ว") -> 23 | K6: =IFERROR(J6/D6,0) -> 0.74193548 | L6: =COUNTIFS('ฟีเจอร์ MVP'!$B:$B,$C6&"-*",'ฟีเจอร์ MVP'!$L:$L,"กำลังทำ") -> 8 | M6: =COUNTIFS('ฟีเจอร์ MVP'!$B:$B,$C6&"-*",'ฟีเจอร์ MVP'!$L:$L,"ยังไม่เริ่ม") -> 0
A7: M2 | B7: แชทถามกฎหมาย (เครื่องตอบ/ค้นหา/Guardrails) | C7: FR-AI | D7: =COUNTIFS('ฟีเจอร์ MVP'!$B:$B,$C7&"-*") -> 14 | E7: =COUNTIFS('ฟีเจอร์ MVP'!$B:$B,$C7&"-*",'ฟีเจอร์ MVP'!$H:$H,"Must*") -> 13 | F7: =COUNTIFS('ฟีเจอร์ MVP'!$B:$B,$C7&"-*",'ฟีเจอร์ MVP'!$H:$H,"Should*") -> 1 | G7: =COUNTIFS('ฟีเจอร์ MVP'!$B:$B,$C7&"-*",'ฟีเจอร์ MVP'!$H:$H,"Could*") -> 0 | H7: =COUNTIFS('ฟีเจอร์ MVP'!$B:$B,$C7&"-*",'ฟีเจอร์ MVP'!$I:$I,"P0") -> 0 | I7: =COUNTIFS('ฟีเจอร์ MVP'!$B:$B,$C7&"-*",'ฟีเจอร์ MVP'!$I:$I,"P1") -> 14 | J7: =COUNTIFS('ฟีเจอร์ MVP'!$B:$B,$C7&"-*",'ฟีเจอร์ MVP'!$L:$L,"เสร็จแล้ว") -> 6 | K7: =IFERROR(J7/D7,0) -> 0.42857143 | L7: =COUNTIFS('ฟีเจอร์ MVP'!$B:$B,$C7&"-*",'ฟีเจอร์ MVP'!$L:$L,"กำลังทำ") -> 8 | M7: =COUNTIFS('ฟีเจอร์ MVP'!$B:$B,$C7&"-*",'ฟีเจอร์ MVP'!$L:$L,"ยังไม่เริ่ม") -> 0
A8: M3 | B8: คลังความรู้ | C8: FR-KB | D8: =COUNTIFS('ฟีเจอร์ MVP'!$B:$B,$C8&"-*") -> 12 | E8: =COUNTIFS('ฟีเจอร์ MVP'!$B:$B,$C8&"-*",'ฟีเจอร์ MVP'!$H:$H,"Must*") -> 10 | F8: =COUNTIFS('ฟีเจอร์ MVP'!$B:$B,$C8&"-*",'ฟีเจอร์ MVP'!$H:$H,"Should*") -> 2 | G8: =COUNTIFS('ฟีเจอร์ MVP'!$B:$B,$C8&"-*",'ฟีเจอร์ MVP'!$H:$H,"Could*") -> 0 | H8: =COUNTIFS('ฟีเจอร์ MVP'!$B:$B,$C8&"-*",'ฟีเจอร์ MVP'!$I:$I,"P0") -> 0 | I8: =COUNTIFS('ฟีเจอร์ MVP'!$B:$B,$C8&"-*",'ฟีเจอร์ MVP'!$I:$I,"P1") -> 12 | J8: =COUNTIFS('ฟีเจอร์ MVP'!$B:$B,$C8&"-*",'ฟีเจอร์ MVP'!$L:$L,"เสร็จแล้ว") -> 5 | K8: =IFERROR(J8/D8,0) -> 0.41666667 | L8: =COUNTIFS('ฟีเจอร์ MVP'!$B:$B,$C8&"-*",'ฟีเจอร์ MVP'!$L:$L,"กำลังทำ") -> 7 | M8: =COUNTIFS('ฟีเจอร์ MVP'!$B:$B,$C8&"-*",'ฟีเจอร์ MVP'!$L:$L,"ยังไม่เริ่ม") -> 0
A9: M5 | B9: คู่มือขั้นตอน | C9: FR-GUIDE | D9: =COUNTIFS('ฟีเจอร์ MVP'!$B:$B,$C9&"-*") -> 7 | E9: =COUNTIFS('ฟีเจอร์ MVP'!$B:$B,$C9&"-*",'ฟีเจอร์ MVP'!$H:$H,"Must*") -> 3 | F9: =COUNTIFS('ฟีเจอร์ MVP'!$B:$B,$C9&"-*",'ฟีเจอร์ MVP'!$H:$H,"Should*") -> 4 | G9: =COUNTIFS('ฟีเจอร์ MVP'!$B:$B,$C9&"-*",'ฟีเจอร์ MVP'!$H:$H,"Could*") -> 0 | H9: =COUNTIFS('ฟีเจอร์ MVP'!$B:$B,$C9&"-*",'ฟีเจอร์ MVP'!$I:$I,"P0") -> 0 | I9: =COUNTIFS('ฟีเจอร์ MVP'!$B:$B,$C9&"-*",'ฟีเจอร์ MVP'!$I:$I,"P1") -> 7 | J9: =COUNTIFS('ฟีเจอร์ MVP'!$B:$B,$C9&"-*",'ฟีเจอร์ MVP'!$L:$L,"เสร็จแล้ว") -> 7 | K9: =IFERROR(J9/D9,0) -> 1 | L9: =COUNTIFS('ฟีเจอร์ MVP'!$B:$B,$C9&"-*",'ฟีเจอร์ MVP'!$L:$L,"กำลังทำ") -> 0 | M9: =COUNTIFS('ฟีเจอร์ MVP'!$B:$B,$C9&"-*",'ฟีเจอร์ MVP'!$L:$L,"ยังไม่เริ่ม") -> 0
A10: M6 | B10: แบบหนังสือ | C10: FR-TPL | D10: =COUNTIFS('ฟีเจอร์ MVP'!$B:$B,$C10&"-*") -> 9 | E10: =COUNTIFS('ฟีเจอร์ MVP'!$B:$B,$C10&"-*",'ฟีเจอร์ MVP'!$H:$H,"Must*") -> 8 | F10: =COUNTIFS('ฟีเจอร์ MVP'!$B:$B,$C10&"-*",'ฟีเจอร์ MVP'!$H:$H,"Should*") -> 1 | G10: =COUNTIFS('ฟีเจอร์ MVP'!$B:$B,$C10&"-*",'ฟีเจอร์ MVP'!$H:$H,"Could*") -> 0 | H10: =COUNTIFS('ฟีเจอร์ MVP'!$B:$B,$C10&"-*",'ฟีเจอร์ MVP'!$I:$I,"P0") -> 0 | I10: =COUNTIFS('ฟีเจอร์ MVP'!$B:$B,$C10&"-*",'ฟีเจอร์ MVP'!$I:$I,"P1") -> 9 | J10: =COUNTIFS('ฟีเจอร์ MVP'!$B:$B,$C10&"-*",'ฟีเจอร์ MVP'!$L:$L,"เสร็จแล้ว") -> 9 | K10: =IFERROR(J10/D10,0) -> 1 | L10: =COUNTIFS('ฟีเจอร์ MVP'!$B:$B,$C10&"-*",'ฟีเจอร์ MVP'!$L:$L,"กำลังทำ") -> 0 | M10: =COUNTIFS('ฟีเจอร์ MVP'!$B:$B,$C10&"-*",'ฟีเจอร์ MVP'!$L:$L,"ยังไม่เริ่ม") -> 0
A11: M10 | B11: ระบบหลังบ้าน | C11: FR-ADM | D11: =COUNTIFS('ฟีเจอร์ MVP'!$B:$B,$C11&"-*") -> 17 | E11: =COUNTIFS('ฟีเจอร์ MVP'!$B:$B,$C11&"-*",'ฟีเจอร์ MVP'!$H:$H,"Must*") -> 13 | F11: =COUNTIFS('ฟีเจอร์ MVP'!$B:$B,$C11&"-*",'ฟีเจอร์ MVP'!$H:$H,"Should*") -> 3 | G11: =COUNTIFS('ฟีเจอร์ MVP'!$B:$B,$C11&"-*",'ฟีเจอร์ MVP'!$H:$H,"Could*") -> 1 | H11: =COUNTIFS('ฟีเจอร์ MVP'!$B:$B,$C11&"-*",'ฟีเจอร์ MVP'!$I:$I,"P0") -> 1 | I11: =COUNTIFS('ฟีเจอร์ MVP'!$B:$B,$C11&"-*",'ฟีเจอร์ MVP'!$I:$I,"P1") -> 16 | J11: =COUNTIFS('ฟีเจอร์ MVP'!$B:$B,$C11&"-*",'ฟีเจอร์ MVP'!$L:$L,"เสร็จแล้ว") -> 9 | K11: =IFERROR(J11/D11,0) -> 0.52941176 | L11: =COUNTIFS('ฟีเจอร์ MVP'!$B:$B,$C11&"-*",'ฟีเจอร์ MVP'!$L:$L,"กำลังทำ") -> 8 | M11: =COUNTIFS('ฟีเจอร์ MVP'!$B:$B,$C11&"-*",'ฟีเจอร์ MVP'!$L:$L,"ยังไม่เริ่ม") -> 0
A12: M11 | B12: พื้นที่ทำงานองค์กร | C12: FR-ORG | D12: =COUNTIFS('ฟีเจอร์ MVP'!$B:$B,$C12&"-*") -> 11 | E12: =COUNTIFS('ฟีเจอร์ MVP'!$B:$B,$C12&"-*",'ฟีเจอร์ MVP'!$H:$H,"Must*") -> 11 | F12: =COUNTIFS('ฟีเจอร์ MVP'!$B:$B,$C12&"-*",'ฟีเจอร์ MVP'!$H:$H,"Should*") -> 0 | G12: =COUNTIFS('ฟีเจอร์ MVP'!$B:$B,$C12&"-*",'ฟีเจอร์ MVP'!$H:$H,"Could*") -> 0 | H12: =COUNTIFS('ฟีเจอร์ MVP'!$B:$B,$C12&"-*",'ฟีเจอร์ MVP'!$I:$I,"P0") -> 0 | I12: =COUNTIFS('ฟีเจอร์ MVP'!$B:$B,$C12&"-*",'ฟีเจอร์ MVP'!$I:$I,"P1") -> 11 | J12: =COUNTIFS('ฟีเจอร์ MVP'!$B:$B,$C12&"-*",'ฟีเจอร์ MVP'!$L:$L,"เสร็จแล้ว") -> 2 | K12: =IFERROR(J12/D12,0) -> 0.18181818 | L12: =COUNTIFS('ฟีเจอร์ MVP'!$B:$B,$C12&"-*",'ฟีเจอร์ MVP'!$L:$L,"กำลังทำ") -> 9 | M12: =COUNTIFS('ฟีเจอร์ MVP'!$B:$B,$C12&"-*",'ฟีเจอร์ MVP'!$L:$L,"ยังไม่เริ่ม") -> 0
A13: M12 | B13: ตรวจสัญญา | C13: FR-CR | D13: =COUNTIFS('ฟีเจอร์ MVP'!$B:$B,$C13&"-*") -> 6 | E13: =COUNTIFS('ฟีเจอร์ MVP'!$B:$B,$C13&"-*",'ฟีเจอร์ MVP'!$H:$H,"Must*") -> 6 | F13: =COUNTIFS('ฟีเจอร์ MVP'!$B:$B,$C13&"-*",'ฟีเจอร์ MVP'!$H:$H,"Should*") -> 0 | G13: =COUNTIFS('ฟีเจอร์ MVP'!$B:$B,$C13&"-*",'ฟีเจอร์ MVP'!$H:$H,"Could*") -> 0 | H13: =COUNTIFS('ฟีเจอร์ MVP'!$B:$B,$C13&"-*",'ฟีเจอร์ MVP'!$I:$I,"P0") -> 0 | I13: =COUNTIFS('ฟีเจอร์ MVP'!$B:$B,$C13&"-*",'ฟีเจอร์ MVP'!$I:$I,"P1") -> 6 | J13: =COUNTIFS('ฟีเจอร์ MVP'!$B:$B,$C13&"-*",'ฟีเจอร์ MVP'!$L:$L,"เสร็จแล้ว") -> 3 | K13: =IFERROR(J13/D13,0) -> 0.5 | L13: =COUNTIFS('ฟีเจอร์ MVP'!$B:$B,$C13&"-*",'ฟีเจอร์ MVP'!$L:$L,"กำลังทำ") -> 3 | M13: =COUNTIFS('ฟีเจอร์ MVP'!$B:$B,$C13&"-*",'ฟีเจอร์ MVP'!$L:$L,"ยังไม่เริ่ม") -> 0
A14: รวม | B14: ทุกโมดูล | D14: =SUM(D5:D13) -> 130 | E14: =SUM(E5:E13) -> 97 | F14: =SUM(F5:F13) -> 31 | G14: =SUM(G5:G13) -> 2 | H14: =SUM(H5:H13) -> 7 | I14: =SUM(I5:I13) -> 123 | J14: =SUM(J5:J13) -> 77 | K14: =IFERROR(J14/D14,0) -> 0.59230769 | L14: =SUM(L5:L13) -> 53 | M14: =SUM(M5:M13) -> 0
A16: ความคืบหน้าตามสถานะ
A17: สถานะ | B17: จำนวน
A18: ยังไม่เริ่ม | B18: =COUNTIF('ฟีเจอร์ MVP'!$L:$L,A18) -> 0
A19: กำลังทำ | B19: =COUNTIF('ฟีเจอร์ MVP'!$L:$L,A19) -> 53
A20: รอตรวจ | B20: =COUNTIF('ฟีเจอร์ MVP'!$L:$L,A20) -> 0
A21: เสร็จแล้ว | B21: =COUNTIF('ฟีเจอร์ MVP'!$L:$L,A21) -> 77
A22: เลื่อนออก | B22: =COUNTIF('ฟีเจอร์ MVP'!$L:$L,A22) -> 0
A23: รวม | B23: =SUM(B18:B22) -> 130
A25: วิธีใช้ไฟล์นี้
A26: • ชีต “ฟีเจอร์ MVP” = ฟีเจอร์ทั้งหมดที่ต้องมีในเฟส P0 + P1 ตาม docs/02-srs.md (เปิดทดลองใช้ในกลุ่มองค์กรนำร่อง) เรียงตามโมดูล
A27: • “สถานะ” และ “หมายเหตุ” ตรวจเทียบโค้ดและหน้าจอจริง ณ 1 ต.ค. 2569: เสร็จแล้ว = ผ่านเกณฑ์ตรวจรับครบทุกข้อ, กำลังทำ = ทำแล้วบางส่วน, ยังไม่เริ่ม = ยังไม่มีในระบบ; หมายเหตุบอกสิ่งที่ยังขาด
A28: • ช่องพื้นเหลือง (สถานะ, ผู้รับผิดชอบ, Sprint เป้าหมาย, หมายเหตุ) ทีมแก้ได้เอง — ช่องอื่นมาจาก SRS ห้ามแก้ที่นี่ ให้แก้ใน docs/02-srs.md
A29: • สถานะเลือกจาก dropdown: ยังไม่เริ่ม / กำลังทำ / รอตรวจ / เสร็จแล้ว / เลื่อนออก — ตารางสรุปด้านบนนับให้อัตโนมัติ
A30: • Must = ต้องมีก่อนเปิดใช้, Should = ควรมี (ตัดได้ถ้าเวลาไม่พอ), Could = ถ้ามีเวลา
A31: • P0 = งานวางฐานระบบ, P1 = ฟีเจอร์ MVP
A32: • ชีต “ข้อกำหนดคุณภาพ (NFR)” และ “กฎธุรกิจ (BR)” ใช้กับทุกฟีเจอร์ใน MVP; ชีต “หลังเฟส MVP” คือฟีเจอร์ที่ไม่อยู่ใน SRS ฉบับปัจจุบัน (เฟส 2–3) ยังไม่ทำตอนนี้

Sheet ฟีเจอร์ MVP
A1: ฟีเจอร์ MVP ทั้งหมด (เฟส P0 + P1)
A2: 130 ฟีเจอร์ · ที่มา docs/02-srs.md ฉบับ 1.8 (1 ต.ค. 2569) · สถานะและหมายเหตุตรวจเทียบโค้ดและหน้าจอจริง ณ 1 ต.ค. 2569 · ช่องพื้นเหลืองให้ทีมกรอก
A4: ลำดับ | B4: รหัส | C4: โมดูล | D4: ชื่อโมดูล | E4: ฟีเจอร์ | F4: รายละเอียด | G4: ผู้ใช้ที่เกี่ยวข้อง | H4: ความสำคัญ | I4: เฟส | J4: เกณฑ์ตรวจรับ (Acceptance Criteria) | K4: จำนวนเกณฑ์ | L4: สถานะ | M4: ผู้รับผิดชอบ | N4: Sprint เป้าหมาย | O4: หมายเหตุ
A5: 1 | B5: FR-AUTH-001 | C5: M1 | D5: บัญชีผู้ใช้และการเข้าถึง | E5: สมัครสมาชิกด้วยอีเมล | F5: ระบบต้องให้ผู้ใช้สมัครด้วยอีเมล + รหัสผ่าน + ชื่อที่แสดง และยืนยันอีเมลผ่านลิงก์ (อายุลิงก์ 24 ชม.) | G5: guest | H5: Must (ต้องมี) | I5: P1 | J5: AC1: Given ผู้ใช้อยู่แท็บ "สมัครสมาชิก" ในหน้า /login หรือหน้า /register When กรอกอีเมลที่ยังไม่ถูกใช้ + รหัสผ่านตาม BR-016 + ติ๊กยอมรับข้อกำหนดและ consent บริการหลัก Then ระบบสร้างบัญชีสถานะ pending_verification และส่งอีเมลยืนยัน AC2: Given อีเมลถูกใช้แล้ว When กดสมัคร Then แสดงข้อความกลาง ๆ "หากอีเมลนี้ยังไม่ได้ลงทะเบียน ระบบได้ส่งลิงก์ยืนยันไปแล้ว" (ไม่เปิดเผยว่ามีบัญชีอยู่) AC3: Given ผู้ใช้คลิกลิงก์ยืนยันภายใน 24 ชม. When เปิดลิงก์ Then บัญชีเป็น active และเข้าสู่ระบบอัตโนมัติ; ถ้าเกิน 24 ชม. แสดงปุ่ม "ส่งลิงก์ใหม่" | K5: 3 | L5: กำลังทำ | O5: ยังไม่ได้ใช้สถานะรอยืนยัน ไม่มีปุ่มส่งลิงก์ใหม่เมื่อลิงก์หมดอายุ และการยืนยันอีเมลใช้จริงได้เมื่อมี SMTP จริงเท่านั้น
A6: 2 | B6: FR-AUTH-002 | C6: M1 | D6: บัญชีผู้ใช้และการเข้าถึง | E6: เข้าสู่ระบบ | F6: ระบบต้องให้ผู้ใช้เข้าสู่ระบบด้วยอีเมล + รหัสผ่าน, มีปุ่มแสดง/ซ่อนรหัสผ่าน และตัวเลือกภาษา/ธีมบนหน้า login (ตาม AI-EDW) | G6: guest | H6: Must (ต้องมี) | I6: P0 | J6: AC1: Given บัญชี active When กรอกข้อมูลถูกต้อง Then สร้าง session ใหม่ (Better Auth ออก session token ใหม่ใน cookie lc.session_token) และ redirect ไป /chat หรือ URL ที่ขอไว้ก่อน login AC2: Given ข้อมูลผิด When กดเข้าสู่ระบบ Then แสดง "อีเมลหรือรหัสผ่านไม่ถูกต้อง" โดยไม่ระบุว่าผิดส่วนใด AC3: Given บัญชี pending_verification When login Then แจ้งให้ยืนยันอีเมลพร้อมปุ่มส่งลิงก์ใหม่ | K6: 3 | L6: กำลังทำ | O6: เข้าสู่ระบบด้วยบัญชีที่ยังไม่ยืนยันได้ข้อความแจ้งและระบบส่งลิงก์ให้เอง แต่ไม่มีปุ่ม "ส่งลิงก์ใหม่" ในหน้าเข้าสู่ระบบ
A7: 3 | B7: FR-AUTH-003 | C7: M1 | D7: บัญชีผู้ใช้และการเข้าถึง | E7: จดจำการเข้าสู่ระบบ (Remember me) | F7: ระบบต้องมีตัวเลือก "จดจำฉัน" ที่คง session ได้ตาม BR-017 | G7: guest | H7: Should (ควรมี) | I7: P1 | J7: AC1: Given ติ๊ก "จดจำฉัน" When ปิดเบราว์เซอร์แล้วเปิดใหม่ภายในระยะที่กำหนด Then ยังอยู่ในระบบ | K7: 1 | L7: เสร็จแล้ว
A8: 4 | B8: FR-AUTH-004 | C8: M1 | D8: บัญชีผู้ใช้และการเข้าถึง | E8: ลืมรหัสผ่าน | F8: ระบบต้องให้ผู้ใช้ขอลิงก์ตั้งรหัสผ่านใหม่ทางอีเมล (ลิงก์ใช้ครั้งเดียว อายุ 1 ชม.) และยกเลิก session อื่นทั้งหมดหลังตั้งรหัสใหม่ | G8: guest | H8: Must (ต้องมี) | I8: P1 | J8: AC1: Given ผู้ใช้กรอกอีเมลใด ๆ When กดส่ง Then แสดงข้อความเดียวกันเสมอ (ไม่เปิดเผยการมีอยู่ของบัญชี) AC2: Given ลิงก์ถูกใช้แล้วหรือหมดอายุ When เปิดลิงก์ Then แสดงว่าลิงก์ใช้ไม่ได้ AC3: Given ตั้งรหัสใหม่สำเร็จ When มี session อื่นเปิดอยู่ Then session เหล่านั้นถูกยกเลิกและบันทึก audit log | K8: 3 | L8: กำลังทำ | O8: ลืมรหัสผ่านซ่อนอยู่ (หน้า 404) จนกว่าจะตั้ง SMTP จริง (MAIL_LIVE) ผู้ใช้จึงยังขอลิงก์ตั้งรหัสใหม่ไม่ได้ในระบบทดสอบ
A9: 5 | B9: FR-AUTH-005 | C9: M1 | D9: บัญชีผู้ใช้และการเข้าถึง | E9: ออกจากระบบ | F9: ระบบต้องให้ออกจากระบบจาก user menu โดยทำลาย session ฝั่ง server และล้าง cookie | G9: member+ | H9: Must (ต้องมี) | I9: P0 | J9: AC1: Given ผู้ใช้กด "ออกจากระบบ" When redirect ไป /login Then การเรียก API ด้วย session เดิมได้ HTTP 401 | K9: 1 | L9: เสร็จแล้ว
A10: 6 | B10: FR-AUTH-006 | C10: M1 | D10: บัญชีผู้ใช้และการเข้าถึง | E10: โหมด Guest | F10: ระบบต้องให้ผู้ใช้เริ่มใช้งานแชทและอ่านเนื้อหาได้โดยไม่สมัคร ผ่านปุ่ม "ทดลองใช้โดยไม่สมัคร" (สร้าง guest identity ด้วย Better Auth anonymous plugin เป็นแถว app.users ที่ is_anonymous = true และใช้ cookie session ปกติ) | G10: guest | H10: Must (ต้องมี) | I10: P1 | J10: AC1: Given ผู้ใช้กด "ทดลองใช้โดยไม่สมัคร" และยอมรับ consent บริการหลัก When เข้าสู่ /chat Then แชทได้ และ sidebar แสดงแชทของ guest นั้น AC2: Given guest When เปิดเมนูที่ต้องเป็นสมาชิก (ที่บันทึกไว้, แชร์แชท, โฟลเดอร์แชท, องค์กร) Then แสดง prompt ชวนสมัคร/เข้าสู่ระบบ AC3: Given guest ไม่ได้ใช้งานเกินระยะใน BR-003 Then ข้อมูลแชทของ guest ถูกลบโดย job - หมายเหตุ (สิ่งที่เห็นบนหน้าจอ): ชื่อผู้ใช้ของ guest คือ "ผู้ทดลองใช้" และข้อความต้อนรับไม่มีชื่อ; ปุ่ม "ทดลองใช้โดยไม่สมัคร (ถามได้ 10 ข้อความต่อวัน)" อยู่ในหน้าเข้าสู่ระบบและหน้าสมัครสมาชิก; แถบซ้ายมีลิงก์ "สมัครสมาชิกเพื่อบันทึกประวัติ"; "ที่บันทึกไว้" แสดง "ผู้ใช้ทดลองบันทึกคำตอบไม่ได้ สมัครสมาชิกเพื่อเก็บคำตอบและบทความไว้ดูภายหลัง" พร้อมปุ่ม "สมัครสมาชิก"; "ตั้งค่าบัญชี" มีเฉพาะการ์ด "การแสดงผล" (ภาษา ธีม ขนาดตัวอักษร เก็บในเบราว์เซอร์นี้) กับข้อความชวนสมัครสมาชิก; ตัวสลับพื้นที่ทำงานแสดง "สมัครสมาชิกก่อนเพื่อสร้างพื้นที่ทำงานองค์กร" และเมนู "องค์กร" ไม่ปรากฏ | K10: 3 | L10: เสร็จแล้ว
A11: 7 | B11: FR-AUTH-007 | C11: M1 | D11: บัญชีผู้ใช้และการเข้าถึง | E11: Quota ของ Guest และแบนเนอร์แจ้งเตือน | F11: ระบบต้องจำกัดจำนวนข้อความต่อวันตาม role (BR-001) และแสดงจำนวนที่เหลือเมื่อเหลือ ≤ 3 ข้อความ | G11: all | H11: Must (ต้องมี) | I11: P1 | J11: AC1: Given guest ใช้ครบ quota When ส่งข้อความ Then ได้ SSE event guardrail (kind=quota, stage=quota) และ bubble แจ้ง "ใช้ครบโควตาวันนี้แล้ว" พร้อมปุ่มสมัครสมาชิก AC2: Given เหลือ 3 ข้อความ When ส่งข้อความ Then แสดงแบนเนอร์เหนือช่องพิมพ์ "เหลือ 3 ข้อความสำหรับวันนี้" AC3: Given เวลา 00:00 Asia/Bangkok When เริ่มวันใหม่ Then quota รีเซ็ต | K11: 3 | L11: เสร็จแล้ว
A12: 8 | B12: FR-AUTH-008 | C12: M1 | D12: บัญชีผู้ใช้และการเข้าถึง | E12: ย้ายแชท Guest เข้าบัญชี | F12: ระบบต้องย้ายแชทของ guest เข้าบัญชีโดยอัตโนมัติเมื่อ guest สมัครสมาชิกหรือเข้าสู่ระบบในเบราว์เซอร์เดียวกัน (claim_guest_data) | G12: guest → member | H12: Should (ควรมี) | I12: P1 | J12: AC1: Given guest มีแชท ≥1 When สมัคร/login สำเร็จ Then แชทเปลี่ยน owner เป็น user และ guest identity ถูกปิด | K12: 1 | L12: กำลังทำ | O12: ยังไม่มีการทดสอบการย้ายแชท guest เข้าบัญชี และอาจไม่ทำงานเมื่อเปิดบังคับยืนยันอีเมลก่อนเข้าระบบ
A13: 9 | B13: FR-AUTH-009 | C13: M1 | D13: บัญชีผู้ใช้และการเข้าถึง | E13: PDPA Consent แยกวัตถุประสงค์ | F13: ระบบต้องขอ consent แยกตามวัตถุประสงค์ (enum app.consent_purpose): (1) service_terms ข้อตกลงการใช้บริการ (จำเป็น) + privacy_notice รับทราบประกาศความเป็นส่วนตัว (จำเป็น) (2) improve_service ใช้ข้อมูลแบบไม่ระบุตัวตนเพื่อปรับปรุงระบบ (opt-in) (3) marketing (opt-in) พร้อมลิงก์ประกาศความเป็นส่วนตัวเวอร์ชันปัจจุบัน | G13: all | H13: Must (ต้องมี) | I13: P1 | J13: AC1: Given ผู้ใช้ใหม่ When สมัคร/เริ่ม guest Then ต้องยอมรับ service_terms + privacy_notice ก่อนใช้งาน; improve_service ไม่ติ๊กไว้ล่วงหน้า AC2: Given consent ถูกให้หรือถอน When บันทึก Then เก็บ record ใน app.user_consents พร้อม purpose, version ประกาศ, timestamp, IP hash AC3: Given ประกาศความเป็นส่วนตัวมีเวอร์ชันใหม่ที่ต้องขอ consent ใหม่ When ผู้ใช้เข้าระบบครั้งถัดไป Then แสดง dialog ขอ consent ใหม่ | K13: 3 | L13: กำลังทำ | O13: ยังไม่มีช่องขอความยินยอมแบบเลือก (ปรับปรุงระบบ/การตลาด) ในหน้าสมัคร/หน้ายอมรับ มีเฉพาะข้อกำหนดและประกาศความเป็นส่วนตัว
A14: 10 | B14: FR-AUTH-010 | C14: M1 | D14: บัญชีผู้ใช้และการเข้าถึง | E14: ถอน Consent | F14: ระบบต้องให้ผู้ใช้ดูและถอน consent ได้จากเมนู "ความเป็นส่วนตัว & ข้อมูลของฉัน" | G14: member+ | H14: Must (ต้องมี) | I14: P1 | J14: AC1: Given ผู้ใช้ถอน consent ที่ไม่บังคับ (improve_service, marketing) When ยืนยัน Then มีผลทันที และบันทึก record ถอนใน app.user_consents AC2: Given ผู้ใช้ถอน service_terms Then ระบบแจ้งว่าต้องลบบัญชี และนำไปขั้นตอน FR-AUTH-018 | K14: 2 | L14: กำลังทำ | O14: หน้าตั้งค่าแสดงเฉพาะความยินยอมที่บังคับ ยังไม่มีปุ่มถอนความยินยอมที่ไม่บังคับ (ปรับปรุงระบบ/การตลาด) มีแต่ข้อความให้ลบบัญชี
A15: 11 | B15: FR-AUTH-011 | C15: M1 | D15: บัญชีผู้ใช้และการเข้าถึง | E15: โปรไฟล์ | F15: ระบบต้องให้แก้ชื่อที่แสดงจากหน้าตั้งค่าบัญชี (/settings) | G15: member+ | H15: Should (ควรมี) | I15: P1 | J15: AC1: Given แก้ชื่อแล้วบันทึก Then ชื่อใน header และเมนูผู้ใช้อัปเดต | K15: 1 | L15: เสร็จแล้ว
A16: 12 | B16: FR-AUTH-012 | C16: M1 | D16: บัญชีผู้ใช้และการเข้าถึง | E16: เปลี่ยนรหัสผ่าน | F16: ระบบต้องให้เปลี่ยนรหัสผ่านโดยกรอกรหัสปัจจุบัน + รหัสใหม่ 2 ครั้ง | G16: member+ | H16: Must (ต้องมี) | I16: P1 | J16: AC1: Given รหัสปัจจุบันผิด Then ไม่เปลี่ยนและนับเป็นความพยายามล้มเหลว (FR-AUTH-019) AC2: Given สำเร็จ Then session อื่นทั้งหมดถูกยกเลิก และส่งอีเมลแจ้งเตือนการเปลี่ยนรหัส | K16: 2 | L16: กำลังทำ | O16: ฟอร์มเปลี่ยนรหัสผ่านมีช่องรหัสปัจจุบันและรหัสใหม่ แต่ยังไม่มีช่องกรอกรหัสใหม่ซ้ำครั้งที่สอง
A17: 13 | B17: FR-AUTH-013 | C17: M1 | D17: บัญชีผู้ใช้และการเข้าถึง | E17: เลือกภาษา | F17: ระบบต้องให้เลือกภาษา UI (ไทย, English) จากปุ่มภาษาใน header และหน้า login; บันทึกใน profile (member) หรือ localStorage (guest) | G17: all | H17: Must (ต้องมี) | I17: P0 | J17: AC1: Given เลือก English When หน้า reload Then ข้อความ UI ทั้งหมดเป็นภาษาอังกฤษ และ <html lang="en"> AC2: Given ภาษา UI = English Then ข้อความของระบบในคำตอบ (คำนำ บรรทัดปิดท้าย) เป็นภาษาอังกฤษ และเนื้อหาจากคลังเป็นภาษาไทย (FR-AI-018) | K17: 2 | L17: เสร็จแล้ว
A18: 14 | B18: FR-AUTH-014 | C18: M1 | D18: บัญชีผู้ใช้และการเข้าถึง | E18: ธีม Light/Dark | F18: ระบบต้องมี toggle ธีม, ใช้ค่าจาก prefers-color-scheme เมื่อยังไม่เคยเลือก, ใช้ธีมก่อน first paint (ไม่กระพริบ) และจำใน localStorage key lc_theme | G18: all | H18: Must (ต้องมี) | I18: P0 | J18: AC1: Given เลือก dark When เปิดหน้าใดก็ตาม Then ไม่มีการกระพริบเป็นสีขาวก่อน render AC2: ทุก component ผ่าน contrast ตาม NFR-A11Y-002 ทั้ง 2 ธีม | K18: 2 | L18: เสร็จแล้ว
A19: 15 | B19: FR-AUTH-016 | C19: M1 | D19: บัญชีผู้ใช้และการเข้าถึง | E19: Session Countdown และหมดอายุ | F19: ระบบต้องแสดงเวลาที่เหลือของ session ที่ footer (ตาม AI-EDW), เตือนเมื่อเหลือ 5 นาที พร้อมปุ่ม "ต่อเวลา" แล้วออกจากระบบอัตโนมัติเมื่อหมดเวลา และเรียก check_session เป็นระยะ | G19: member+ | H19: Should (ควรมี) | I19: P1 | J19: AC1: Given เหลือ 5 นาที Then แสดง toast พร้อมปุ่ม "ต่อเวลา"; กดแล้ว countdown รีเซ็ต AC2: Given session หมดอายุ When ผู้ใช้กดส่งข้อความ Then ข้อความที่พิมพ์ถูกเก็บเป็น draft ใน sessionStorage (ต่อแท็บ — ไม่ใช้ localStorage เพื่อไม่ให้ข้อความคดีค้างในเครื่องที่ใช้ร่วมกัน) และ redirect ไป login; กลับมาแล้วข้อความยังอยู่ (ล้างเมื่อกดออกจากระบบ) | K19: 2 | L19: กำลังทำ | O19: ยังไม่เปลี่ยนเส้นทางไปหน้าเข้าสู่ระบบเมื่อกดส่งข้อความตอนเซสชันหมดอายุ (ได้เพียงข้อความผิดพลาดและร่างถูกล้างตอนส่ง)
A20: 16 | B20: FR-AUTH-017 | C20: M1 | D20: บัญชีผู้ใช้และการเข้าถึง | E20: ส่งออกข้อมูลของฉัน | F20: ระบบต้องให้ผู้ใช้ดาวน์โหลดข้อมูลส่วนบุคคลของตนเป็นไฟล์ JSON ทันทีจากหน้าตั้งค่า (โปรไฟล์, ตั้งค่า, consent, แชท, feedback) | G20: member+ | H20: Must (ต้องมี) | I20: P1 | J20: AC1: Given ผู้ใช้กด "ดาวน์โหลดข้อมูลของฉัน" Then ได้ไฟล์ JSON ของบัญชีนั้น และมีรายการใน app.dsr_requests AC2: ต้อง login ด้วยบัญชีเดียวกันจึงดาวน์โหลดได้ | K20: 2 | L20: เสร็จแล้ว
A21: 17 | B21: FR-AUTH-018 | C21: M1 | D21: บัญชีผู้ใช้และการเข้าถึง | E21: ลบบัญชี | F21: ระบบต้องให้ลบบัญชีด้วยการยืนยันรหัสผ่าน โดยบัญชีเข้าสู่สถานะ pending_deletion ตาม BR-012 และยกเลิกได้ในช่วงผ่อนผัน | G21: member | H21: Must (ต้องมี) | I21: P1 | J21: AC1: Given ยืนยันลบ Then logout ทันที, ลิงก์แชร์ทั้งหมดถูก revoke, ส่งอีเมลยืนยันพร้อมลิงก์ยกเลิก AC2: Given พ้นช่วงผ่อนผัน Then job ลบข้อมูลส่วนบุคคลแบบถาวร และ audit log เก็บเฉพาะ user id แบบ pseudonymized | K21: 2 | L21: เสร็จแล้ว
A22: 18 | B22: FR-AUTH-019 | C22: M1 | D22: บัญชีผู้ใช้และการเข้าถึง | E22: ป้องกันการเดารหัสผ่าน | F22: ระบบต้องจำกัดความพยายาม login ล้มเหลวต่อบัญชีและต่อ IP ตาม BR-016 | G22: all | H22: Must (ต้องมี) | I22: P1 | J22: AC1: Given ล้มเหลว 5 ครั้งใน 15 นาที Then ล็อก 15 นาที และแจ้งเจ้าของบัญชีทางอีเมล AC2: ทุกเหตุการณ์ login (สำเร็จ/ล้มเหลว/ล็อก) ถูกบันทึกใน app.audit_log | K22: 2 | L22: เสร็จแล้ว
A23: 19 | B23: FR-AUTH-021 | C23: M1 | D23: บัญชีผู้ใช้และการเข้าถึง | E23: ตรวจเวอร์ชันแอป (Build check) | F23: ทุก JSON response ต้องมีฟิลด์ build; เมื่อ client พบ build ต่างจากที่โหลดไว้ ต้องแสดงแถบ "มีเวอร์ชันใหม่ — รีเฟรช" (ตาม AI-EDW) | G23: all | H23: Should (ควรมี) | I23: P0 | J23: AC1: Given deploy build ใหม่ When client เรียก API ครั้งถัดไป Then แสดงแถบแจ้งเตือน (ไม่ reload เองขณะกำลัง stream) | K23: 1 | L23: เสร็จแล้ว
A24: 20 | B24: FR-AUTH-022 | C24: M1 | D24: บัญชีผู้ใช้และการเข้าถึง | E24: Role-based Access Control | F24: ระบบต้องบังคับสิทธิ์ตาม role (guest, member, editor, reviewer, admin) ที่ฝั่ง server ทุก action และตรวจ ownership ของ resource; role ที่ได้จากสคริปต์ scripts/set-role.sh หรือหน้า "ผู้ใช้" ของหลังบ้าน | G24: all | H24: Must (ต้องมี) | I24: P0 | J24: AC1: Given member เรียก admin_* action Then ได้ HTTP 403 และบันทึก audit log AC2: Given user A ขอ get_chat ของ user B Then ได้ HTTP 404 (ไม่เปิดเผยการมีอยู่) AC3: ผู้ใช้ 1 คนมี role ระบบได้ 1 role (enum app.user_role); ผู้ที่ส่งเนื้อหาเข้าตรวจล่าสุดอนุมัติเนื้อหานั้นเองไม่ได้ (BR-007) | K24: 3 | L24: เสร็จแล้ว
A25: 21 | B25: FR-AUTH-023 | C25: M1 | D25: บัญชีผู้ใช้และการเข้าถึง | E25: ขนาดตัวอักษร (Text Scale) | F25: ระบบต้องให้ผู้ใช้เลือกขนาดตัวอักษรของเนื้อหา (app.user_settings.text_scale: 100% / 112% / 125% / 150% ตาม CHECK ใน DB) จากหน้าตั้งค่า เพื่อรองรับผู้สูงอายุ; guest เก็บในเบราว์เซอร์ (cookie lc_scale) | G25: all | H25: Should (ควรมี) | I25: P1 | J25: AC1: Given เลือก 125% Then ข้อความแชท บทความ และคู่มือขยายทันทีโดย layout ไม่แตก (สอดคล้อง NFR-A11Y-006) และค่าคงอยู่หลัง reload/login ใหม่ AC2: บันทึกผ่าน update_settings (member) และมีผลกับทุกอุปกรณ์ของบัญชีนั้น | K25: 2 | L25: เสร็จแล้ว
A26: 22 | B26: FR-AUTH-024 | C26: M1 | D26: บัญชีผู้ใช้และการเข้าถึง | E26: ติดตามคำขอใช้สิทธิเจ้าของข้อมูล (DSR) | F26: ทุกคำขอตามสิทธิ PDPA (เข้าถึง/ขอสำเนา, แก้ไข, ลบ, คัดค้าน, ถอน consent) ต้องสร้างรายการใน app.dsr_requests (request_type: access, export, rectify, erase, object, withdraw_consent) พร้อม due_at = วันรับคำขอ + 30 วัน และผู้ใช้เห็นสถานะคำขอของตนในหน้า "ความเป็นส่วนตัว & ข้อมูลของฉัน" | G26: member | H26: Must (ต้องมี) | I26: P1 | J26: AC1: Given ผู้ใช้ใช้ privacy_export Then มีแถวใน app.dsr_requests ประเภท export สถานะ completed ทันที; Given ใช้ request_account_deletion Then มีแถวประเภท erase สถานะ in_progress และได้อีเมลยืนยันพร้อมลิงก์ยกเลิก AC2: สถานะเปลี่ยนตามลำดับ received → in_progress → completed | rejected; การปฏิเสธต้องมีเหตุผลที่แจ้งผู้ใช้ AC3: คำขอที่ใกล้ครบ due_at (≤ 7 วัน) ถูกแจ้งเตือนผู้ดูแล (FR-ADM-023) — SLA 30 วันตาม NFR-PRIV-006 | K26: 3 | L26: กำลังทำ | O26: ผู้ใช้เห็นสถานะคำขอ แต่ยังไม่เห็นเหตุผลเมื่อคำขอถูกปฏิเสธ และการถอนความยินยอมยังไม่สร้างรายการคำขอ
A27: 23 | B27: FR-AUTH-025 | C27: M1 | D27: บัญชีผู้ใช้และการเข้าถึง | E27: ยืนยันตัวตนสองชั้นสำหรับเจ้าหน้าที่ (TOTP 2FA) | F27: บัญชีที่มี role editor, reviewer หรือ admin ต้องลงทะเบียน TOTP (Better Auth twoFactor plugin; secret เก็บแบบเข้ารหัสใน app.two_factors) และยืนยันรหัส 6 หลักทุกครั้งที่ login; มี recovery codes แบบใช้ครั้งเดียว | G27: editor, reviewer, admin | H27: Must (ต้องมี) | I27: P1 | J27: AC1: Given ผู้ใช้ได้รับ role staff ครั้งแรก When login Then ถูกบังคับเข้าหน้าตั้งค่า TOTP ก่อนเข้า /admin AC2: Given ใส่รหัส TOTP ผิด 5 ครั้ง Then ล็อกชั่วคราวตาม FR-AUTH-019 และบันทึก app.audit_log AC3: สอดคล้อง NFR-SEC-006; "จดจำฉัน" ใช้ไม่ได้กับ role staff (BR-017) | K27: 3 | L27: กำลังทำ | O27: ยังไม่ล็อกบัญชีและไม่บันทึก audit เมื่อใส่รหัส TOTP ผิด 5 ครั้ง (มีแค่จำกัดอัตรา 10 ครั้ง/15 นาที) และมีตัวเลือกเชื่อถืออุปกรณ์ 30 วัน
A28: 24 | B28: FR-CHAT-001 | C28: M2 | D28: แชทถามกฎหมาย (หน้าจอและการใช้งาน) | E28: เริ่มแชทใหม่และ Empty State | F28: ระบบต้องมีปุ่ม "แชทใหม่" ใน sidebar; หน้าแชทว่างต้องแสดงคำทักทาย, disclaimer สั้น และการ์ดตัวอย่างคำถาม 4 ใบที่ตรงกับเรื่องที่คลังความรู้ครอบคลุม (ค่าปรับส่งงานล่าช้า, ของไม่ได้มาตรฐาน, การเลิกสัญญา, ตรวจข้อสัญญา) | G28: all | H28: Must (ต้องมี) | I28: P1 | J28: AC1: Given ผู้ใช้กด "แชทใหม่" Then พื้นที่แชทว่าง, URL ไม่มี ?chat=, ช่องพิมพ์ได้ focus AC2: Given กดการ์ดตัวอย่าง Then ข้อความของการ์ดถูกส่งเป็นคำถามทันที AC3: แชทใหม่ยังไม่ถูกสร้างใน DB จนกว่าจะส่งข้อความแรก (server ส่ง event chat_id) | K28: 3 | L28: กำลังทำ | O28: เปิดแชทใหม่แล้วช่องพิมพ์ยังไม่ถูกโฟกัสอัตโนมัติ
A29: 25 | B29: FR-CHAT-002 | C29: M2 | D29: แชทถามกฎหมาย (หน้าจอและการใช้งาน) | E29: ส่งข้อความ | F29: ระบบต้องมีช่องพิมพ์แบบ auto-grow (ขยายตามข้อความจนถึงความสูงสูงสุดแล้ว scroll), Enter = ส่ง, Shift+Enter = ขึ้นบรรทัดใหม่, ตัวนับอักษรเมื่อใกล้ถึง BR-002 | G29: all | H29: Must (ต้องมี) | I29: P1 | J29: AC1: Given ข้อความว่างหรือมีแต่ช่องว่าง Then ปุ่มส่ง disabled AC2: Given ข้อความเกิน BR-002 Then ส่งไม่ได้และแสดงจำนวนอักษรเกิน AC3: Given ส่งแล้ว Then bubble ผู้ใช้ปรากฏทันที และ bubble ผู้ช่วยแสดงสถานะ "กำลังวิเคราะห์คำถาม…" AC4: ระหว่างกำลัง stream ในแชทเดียวกัน ปุ่มส่งเปลี่ยนเป็นปุ่ม "หยุด" (FR-CHAT-005) | K29: 4 | L29: เสร็จแล้ว
A30: 26 | B30: FR-CHAT-003 | C30: M2 | D30: แชทถามกฎหมาย (หน้าจอและการใช้งาน) | E30: แสดงคำตอบแบบ Streaming | F30: ระบบต้องแสดงคำตอบทีละส่วนจาก SSE event chunk พร้อม fade-in เฉพาะส่วนที่เพิ่มใหม่ และ render markdown แบบปลอดภัยระหว่าง stream | G30: all | H30: Must (ต้องมี) | I30: P1 | J30: AC1: Given คำตอบกำลัง stream When ผู้ใช้ไม่ได้เลื่อนขึ้น Then หน้าจอเลื่อนตามอัตโนมัติ; When ผู้ใช้เลื่อนขึ้น Then หยุดเลื่อนตามและแสดงปุ่ม scroll-to-bottom AC2: Given เครือข่ายขาดกลางคัน Then bubble แสดงข้อความ error ที่อ่านเข้าใจ + ปุ่ม "ลองใหม่" และเก็บส่วนที่ได้รับแล้ว AC3: TTFT เป็นไปตาม NFR-PERF-001 | K30: 3 | L30: กำลังทำ | O30: ยังไม่มี fade-in เฉพาะส่วนที่เพิ่มใหม่ และ TTFT ที่ 200 สตรีมพร้อมกันเกินเป้าเล็กน้อย (3.48 วินาที)
A31: 27 | B31: FR-CHAT-004 | C31: M2 | D31: แชทถามกฎหมาย (หน้าจอและการใช้งาน) | E31: แสดงสถานะขั้นตอนการทำงาน | F31: ระบบต้องแสดงข้อความสถานะจาก event status ใน header ของ bubble ผู้ช่วย (กระพริบเบา ๆ) เช่น "กำลังวิเคราะห์คำถาม", "กำลังค้นตัวบทกฎหมาย", "กำลังตรวจสอบการอ้างอิง" และล้างเมื่อ complete | G31: all | H31: Must (ต้องมี) | I31: P1 | J31: AC1: Given ได้ event status Then ข้อความสถานะแทนที่ข้อความก่อนหน้า (ไม่ต่อท้ายในเนื้อหา) AC2: Given prefers-reduced-motion Then ไม่มีการกระพริบ | K31: 2 | L31: เสร็จแล้ว
A32: 28 | B32: FR-CHAT-005 | C32: M2 | D32: แชทถามกฎหมาย (หน้าจอและการใช้งาน) | E32: หยุดการสร้างคำตอบ | F32: ระบบต้องให้กด "หยุด" เพื่อยกเลิก stream (AbortController) และ server ต้องหยุดประมวลผลคำตอบนั้นด้วย | G32: all | H32: Must (ต้องมี) | I32: P1 | J32: AC1: Given กดหยุด Then ส่วนที่ได้รับแล้วถูกเก็บพร้อมข้อความ "หยุดการสร้างคำตอบแล้ว" และมีปุ่มสร้างใหม่ AC2: ข้อความที่ถูกหยุดนับ quota ตามจริง (นับเมื่อเริ่มส่ง) | K32: 2 | L32: กำลังทำ | O32: ข้อความที่กดหยุดยังไม่มีปุ่มสร้างคำตอบใหม่ (ปุ่มแสดงเฉพาะคำตอบที่เสร็จสมบูรณ์)
A33: 29 | B33: FR-CHAT-006 | C33: M2 | D33: แชทถามกฎหมาย (หน้าจอและการใช้งาน) | E33: สร้างคำตอบใหม่ (Regenerate) | F33: ระบบต้องมีปุ่ม regenerate ที่คำตอบล่าสุดเท่านั้น ส่ง regenerate: 1 เพื่อแทนที่คำตอบล่าสุด; เก็บเวอร์ชันก่อนหน้าให้สลับดูได้ (‹ 1/2 ›) | G33: all | H33: Should (ควรมี) | I33: P1 | J33: AC1: Given กด regenerate Then คำตอบใหม่แทนที่ในตำแหน่งเดิม และมีตัวสลับเวอร์ชัน AC2: regenerate นับ quota 1 ข้อความ | K33: 2 | L33: เสร็จแล้ว
A34: 30 | B34: FR-CHAT-007 | C34: M2 | D34: แชทถามกฎหมาย (หน้าจอและการใช้งาน) | E34: คัดลอกข้อความ | F34: ระบบต้องมีปุ่มคัดลอกที่คำตอบของผู้ช่วย (คัดลอกข้อความของคำตอบเป็นข้อความธรรมดา) | G34: all | H34: Must (ต้องมี) | I34: P1 | J34: AC1: Given กดคัดลอก Then ไอคอนเปลี่ยนเป็นสถานะ "คัดลอกแล้ว" 1.5 วินาที และ clipboard มีข้อความของคำตอบ | K34: 1 | L34: เสร็จแล้ว
A35: 31 | B35: FR-CHAT-008 | C35: M2 | D35: แชทถามกฎหมาย (หน้าจอและการใช้งาน) | E35: Render Markdown อย่างปลอดภัย | F35: ระบบต้อง render markdown (หัวข้อ, list, ตาราง, ตัวหนา, blockquote, ลิงก์) ด้วย react-markdown + remark-gfm + rehype-sanitize (allow-list; ห้าม dangerouslySetInnerHTML กับข้อความดิบ); ลิงก์ภายนอกเปิดแท็บใหม่ rel="noopener noreferrer"; ตารางกว้างเลื่อนแนวนอนได้ และมีปุ่มคัดลอกตาราง | G35: all | H35: Must (ต้องมี) | I35: P1 | J35: AC1: Given ข้อความมี <script> หรือ onerror= Then ไม่ถูก execute (ทดสอบด้วย XSS payload list) AC2: Given ข้อความมี error Then แสดงเป็น textContent | K35: 2 | L35: กำลังทำ | O35: ยังไม่มีปุ่มคัดลอกตารางในคำตอบ
A36: 32 | B36: FR-CHAT-009 | C36: M2 | D36: แชทถามกฎหมาย (หน้าจอและการใช้งาน) | E36: Citation Chips | F36: ระบบต้องแสดง citation แบบตัวยก [1] ในเนื้อหา และแถบ chips ท้ายคำตอบ เช่น [1] ป.พ.พ. ม.420, [2] บทความ: ผิดสัญญาเช่า จาก event citations (chip แสดงเลขลำดับและชื่อแหล่ง) | G36: all | H36: Must (ต้องมี) | I36: P1 | J36: AC1: Given click chip หรือ [n] Then เปิด Source Drawer (FR-CHAT-010) ที่รายการนั้น AC2: Given คำตอบไม่มี citation (เช่น คำทักทาย) Then ไม่แสดงแถบ chips | K36: 2 | L36: เสร็จแล้ว
A37: 33 | B37: FR-CHAT-010 | C37: M2 | D37: แชทถามกฎหมาย (หน้าจอและการใช้งาน) | E37: Source Drawer (แผง "แหล่งอ้างอิง") | F37: ระบบต้องแสดงรายการแหล่งอ้างอิงของคำตอบที่เลือก; แต่ละรายการแสดงชนิดแหล่ง, ชื่อกฎหมาย/บทความ/เลขมาตรา, ข้อความของแหล่งนั้น (ตัวบทแสดงตามวรรค), วันที่ของข้อมูล (as-of), วันมีผล (ถ้ามี), ปุ่ม "เปิดดูฉบับเต็ม" ไปหน้า /law/... / /library/... และลิงก์แหล่งต้นฉบับทางการ (ถ้ามี) — ข้อมูลมากับ event citations ไม่ต้องเรียก endpoint เพิ่ม | G37: all | H37: Must (ต้องมี) | I37: P1 | J37: AC1: Given เปิด drawer บนมือถือ Then แสดงเป็น bottom sheet ปิดด้วยปุ่มปิดหรือกด Esc (บนเดสก์ท็อปเป็นแผงด้านขวา) AC2: Given เปิดจาก chip หรือ [n] Then เลื่อนไปที่รายการนั้นและเน้นกรอบ | K37: 2 | L37: เสร็จแล้ว
A38: 34 | B38: FR-CHAT-011 | C38: M2 | D38: แชทถามกฎหมาย (หน้าจอและการใช้งาน) | E38: ขอบเขตกฎหมาย (Legal Scope Selector) | F38: ระบบต้องมีแผง "ขอบเขตกฎหมาย" เหนือช่องพิมพ์ แสดง เฉพาะหมวดที่มีเนื้อหาในคลังความรู้ (checkbox) + ตัวเลือก "อัตโนมัติ" (ค่าเริ่มต้น) + "เลือกทั้งหมด" + พับ/ขยายได้; ค่าที่เลือกผูกกับแชทนั้น (หน้าจอแสดงชิป "ขอบเขตกฎหมาย: อัตโนมัติ" เมื่อกดเปิดแผงจะมีข้อความ "ถ้าเลือก คำตอบจะค้นเฉพาะหมวดที่เลือก" และช่องติ๊ก 3 หมวด: "บุคคลและนิติกรรม", "หนี้และสัญญา", "กระบวนการยุติธรรมและวิธีพิจารณาความ" — ยังไม่มี "คุ้มครองผู้บริโภค" ในรายการนี้ทั้งที่หน้า "คลังความรู้" มี 4 หมวด) | G38: all | H38: Should (ควรมี) | I38: P1 | J38: AC1: Given เลือก "อัตโนมัติ" Then request ส่ง scope: "auto" และระบบจัดหมวดเอง AC2: Given เลือกหมวดที่มีเนื้อหา (เช่น CONTRACT) Then request ส่ง scope: ["CONTRACT"] และการ retrieve จำกัดเฉพาะหมวดนั้น (ตรวจจาก log citations) AC3: Given เปลี่ยนแชท Then แผงแสดง scope ของแชทนั้น | K38: 3 | L38: เสร็จแล้ว
A39: 35 | B39: FR-CHAT-013 | C39: M2 | D39: แชทถามกฎหมาย (หน้าจอและการใช้งาน) | E39: คำถามต่อเนื่องแนะนำ (Follow-up Suggestions) | F39: ระบบต้องแสดงคำถามต่อเนื่องแนะนำไม่เกิน 3 ข้อใต้คำตอบล่าสุด (ฟิลด์ followups ของ event suggestions) | G39: all | H39: Should (ควรมี) | I39: P1 | J39: AC1: Given คำตอบเสร็จ Then แสดง suggestion 0–3 รายการ กดแล้วส่งเป็นคำถาม AC2: suggestion แสดงเฉพาะที่คำตอบล่าสุดเท่านั้น | K39: 2 | L39: เสร็จแล้ว
A40: 36 | B40: FR-CHAT-014 | C40: M2 | D40: แชทถามกฎหมาย (หน้าจอและการใช้งาน) | E40: การ์ด "ขั้นตอนถัดไป" (Next-step Cards) | F40: ระบบต้องแสดงการ์ดลิงก์ไปยังคู่มือ (M5), แบบหนังสือ (M6) หรือบทความ (M3) ที่เกี่ยวข้อง จากฟิลด์ next_steps[] (type: guide, template, article) ของ event suggestions โดยอ้างอิงเฉพาะเนื้อหาที่มีอยู่ในคลัง | G40: all | H40: Must (ต้องมี) | I40: P1 | J40: AC1: Given คำตอบเรื่องบอกเลิกสัญญา Then อาจแสดงการ์ดคู่มือหรือแบบหนังสือที่เกี่ยวข้องซึ่งลิงก์ไปหน้าจริง AC2: การ์ดที่ลิงก์ไปเนื้อหาที่ไม่มีอยู่/ไม่ published ต้องไม่ถูกแสดง (ตรวจฝั่ง AI service) | K40: 2 | L40: เสร็จแล้ว
A41: 37 | B41: FR-CHAT-015 | C41: M2 | D41: แชทถามกฎหมาย (หน้าจอและการใช้งาน) | E41: Glossary Tooltip | F41: ระบบต้อง highlight ศัพท์กฎหมายในคำตอบที่มีใน kb.glossary_terms (เฉพาะครั้งแรกที่พบในแต่ละคำตอบ) และแสดงคำอธิบายสั้นเมื่อ hover/tap พร้อมลิงก์ไปหน้าอภิธานศัพท์ | G41: all | H41: Should (ควรมี) | I41: P1 | J41: AC1: Given คำตอบมีคำว่า "นิติกรรม" Then คำนั้นมีเส้นใต้ประ และ tooltip แสดงคำอธิบาย AC2: tooltip เข้าถึงได้ด้วยคีย์บอร์ด (focusable, aria-describedby) AC3: highlight ทำหลัง stream จบ (ไม่ทำระหว่าง stream) | K41: 3 | L41: กำลังทำ | O41: ไฮไลต์ศัพท์ทำระหว่างที่คำตอบกำลังไหลอยู่ ยังไม่รอจนสตรีมจบ
A42: 38 | B42: FR-CHAT-016 | C42: M2 | D42: แชทถามกฎหมาย (หน้าจอและการใช้งาน) | E42: Feedback 👍/👎 พร้อมเหตุผล | F42: ระบบต้องมีปุ่ม 👍/👎 ที่ทุกคำตอบ; 👎 เปิด popover ให้เลือกเหตุผลตาม BR-014 (เลือกได้หลายข้อ) + ช่องความเห็น (≤1,000 อักษร) และ checkbox "อนุญาตให้ทีมกฎหมายดูบทสนทนานี้เพื่อปรับปรุง" | G42: all | H42: Must (ต้องมี) | I42: P1 | J42: AC1: Given กด 👍 Then บันทึกทันที ปุ่มเปลี่ยนสถานะ; กดซ้ำ = ยกเลิก AC2: Given ส่ง 👎 พร้อมอนุญาต Then รายการเข้า feedback queue ของ reviewer (FR-ADM-011) พร้อมบทสนทนา; ถ้าไม่อนุญาต reviewer เห็นเฉพาะเหตุผลและ metadata AC3: บันทึกใน app.message_feedback พร้อมเหตุผลและความเห็น | K42: 3 | L42: เสร็จแล้ว
A43: 39 | B43: FR-CHAT-017 | C43: M2 | D43: แชทถามกฎหมาย (หน้าจอและการใช้งาน) | E43: บันทึกคำตอบ (Bookmark) | F43: ระบบต้องให้บันทึกคำตอบลงหน้า "ที่บันทึกไว้" (FR-CHAT-034) | G43: member+ | H43: Should (ควรมี) | I43: P1 | J43: AC1: Given กดบันทึก Then รายการปรากฏในหน้า "ที่บันทึกไว้" และไอคอนเปลี่ยนเป็น "บันทึกแล้ว" AC2: Given guest กดบันทึก Then แสดง prompt ชวนสมัคร | K43: 2 | L43: เสร็จแล้ว
A44: 40 | B44: FR-CHAT-018 | C44: M2 | D44: แชทถามกฎหมาย (หน้าจอและการใช้งาน) | E44: ประวัติแชท (แชทล่าสุด) | F44: ระบบต้องแสดงรายการแชทใน sidebar เรียง: ปักหมุด → ตามลำดับที่ผู้ใช้จัด/อัปเดตล่าสุด; แสดงชื่อแชทและป้ายสถานะ (กำลังตอบ / มีคำตอบใหม่ / แชร์อยู่) | G44: all | H44: Must (ต้องมี) | I44: P1 | J44: AC1: Given คลิกรายการ Then โหลดแชทนั้นโดยไม่ reload หน้า และ URL เป็น /chat/<chatId> AC2: Given แชท > 50 รายการ Then โหลดเพิ่มเมื่อเลื่อนถึงท้าย (pagination) AC3: แสดง loading overlay ระหว่างโหลด (ตาม AI-EDW) | K44: 3 | L44: กำลังทำ | O44: โหลดแชทเพิ่มด้วยปุ่ม "ดูเพิ่ม" ไม่ใช่เมื่อเลื่อนถึงท้ายรายการ และขณะเปิดแชทยังไม่มี loading overlay
A45: 41 | B45: FR-CHAT-019 | C45: M2 | D45: แชทถามกฎหมาย (หน้าจอและการใช้งาน) | E45: กรองแชท | F45: ระบบต้องมีช่อง "กรองแชท…" ที่กรองตามชื่อแชทแบบ real-time (client-side สำหรับรายการที่โหลดแล้ว + server-side ค้นชื่อเมื่อพิมพ์ ≥2 ตัว) | G45: all | H45: Should (ควรมี) | I45: P1 | J45: AC1: Given พิมพ์ "ที่ดิน" Then แสดงเฉพาะแชทที่ชื่อมีคำนี้ รวมในโฟลเดอร์ (โฟลเดอร์ขยายอัตโนมัติ) AC2: Given ไม่พบ Then แสดง "ไม่พบแชทที่ตรงกัน" | K45: 2 | L45: เสร็จแล้ว
A46: 42 | B46: FR-CHAT-020 | C46: M2 | D46: แชทถามกฎหมาย (หน้าจอและการใช้งาน) | E46: ตั้งชื่อ/เปลี่ยนชื่อแชท | F46: ระบบต้องตั้งชื่อแชทอัตโนมัติหลังคำตอบแรก (event title_update, FR-AI-014) และให้ผู้ใช้เปลี่ยนชื่อแบบ inline จากเมนู ⋮ (Enter = บันทึก, Esc = ยกเลิก) | G46: all | H46: Must (ต้องมี) | I46: P1 | J46: AC1: Given แชทใหม่ได้คำตอบแรก Then ชื่อใน sidebar เปลี่ยนจาก "แชทใหม่" เป็นชื่อที่ระบบตั้ง ≤ 60 อักษร AC2: Given ผู้ใช้เปลี่ยนชื่อเอง Then ระบบไม่ตั้งชื่อทับอีก (BR-013) AC3: ชื่อว่างไม่ถูกบันทึก (คืนค่าเดิม) | K46: 3 | L46: เสร็จแล้ว
A47: 43 | B47: FR-CHAT-021 | C47: M2 | D47: แชทถามกฎหมาย (หน้าจอและการใช้งาน) | E47: ปักหมุดแชท | F47: ระบบต้องให้ปักหมุด/ยกเลิกปักหมุดจากเมนู ⋮; แชทที่ปักหมุดอยู่บนสุดพร้อมไอคอนหมุดและเส้นแบ่ง | G47: all | H47: Should (ควรมี) | I47: P1 | J47: AC1: Given ปักหมุด Then แชทย้ายไปกลุ่มบนสุดทันที; ยกเลิกแล้วกลับตำแหน่งตามเวลา | K47: 1 | L47: เสร็จแล้ว
A48: 44 | B48: FR-CHAT-022 | C48: M2 | D48: แชทถามกฎหมาย (หน้าจอและการใช้งาน) | E48: ลบแชท | F48: ระบบต้องให้ลบแชทผ่าน confirm dialog; การลบเป็น soft-delete และลิงก์แชร์ของแชทนั้นถูก revoke | G48: all | H48: Must (ต้องมี) | I48: P1 | J48: AC1: Given ยืนยันลบแชทที่กำลังเปิดอยู่ Then กลับไปหน้าแชทใหม่ AC2: Given ลบแชทที่กำลัง stream Then stream ถูกยกเลิกก่อน AC3: ข้อมูลที่ soft-delete ถูกลบถาวรภายใน 30 วัน (job) | K48: 3 | L48: เสร็จแล้ว
A49: 45 | B49: FR-CHAT-023 | C49: M2 | D49: แชทถามกฎหมาย (หน้าจอและการใช้งาน) | E49: โฟลเดอร์แชท | F49: ระบบต้องให้สร้าง (ปุ่ม + ข้าง "แชทล่าสุด"), เปลี่ยนชื่อ, ลบ (เลือก: ลบเฉพาะโฟลเดอร์และย้ายแชทออก / ลบพร้อมแชท), พับ/ขยาย (จำสถานะ) และแสดงจำนวนแชทในโฟลเดอร์ | G49: member+ | H49: Should (ควรมี) | I49: P1 | J49: AC1: Given สร้างโฟลเดอร์ Then แสดง input ชื่อแบบ inline, ชื่อซ้ำได้แต่ไม่ว่าง AC2: Given ลบโฟลเดอร์แบบไม่ลบแชท Then แชทย้ายไปรายการหลัก AC3: Given reload Then สถานะพับ/ขยายยังคงเดิม | K49: 3 | L49: เสร็จแล้ว
A50: 46 | B50: FR-CHAT-025 | C50: M2 | D50: แชทถามกฎหมาย (หน้าจอและการใช้งาน) | E50: สถานะแชทหลายรายการพร้อมกัน (State Dot) | F50: ระบบต้องให้สลับไปแชทอื่นระหว่างที่อีกแชทกำลัง stream; sidebar แสดงจุดสถานะ processing (กำลังตอบ) และ reply-ready (มีคำตอบใหม่ยังไม่ได้ดู) | G50: all | H50: Should (ควรมี) | I50: P1 | J50: AC1: Given แชท A กำลัง stream When เปิดแชท B Then stream A ทำงานต่อ และจุดสถานะของ A เป็น processing AC2: Given A ตอบเสร็จขณะดู B Then จุดของ A เปลี่ยนเป็น reply-ready; เปิด A แล้วจุดหาย AC3: จำกัด stream พร้อมกันต่อผู้ใช้ = 3 (เกินแล้วแจ้งให้รอ) | K50: 3 | L50: เสร็จแล้ว
A51: 47 | B51: FR-CHAT-026 | C51: M2 | D51: แชทถามกฎหมาย (หน้าจอและการใช้งาน) | E51: แชร์แชท | F51: ระบบต้องให้สร้างลิงก์แชร์แชทแบบอ่านอย่างเดียว ผ่าน share popup: ตั้งวันหมดอายุ (ค่าเริ่มต้น/สูงสุดตาม BR-004), ตั้งรหัสผ่าน (ไม่บังคับ), คัดลอกลิงก์, ดูรายการลิงก์ที่มีและยกเลิก (revoke) | G51: member+ | H51: Should (ควรมี) | I51: P1 | J51: AC1: Given สร้างลิงก์ Then ได้ URL /share/<token> (token สุ่ม ≥128 บิต) และแชทมีป้าย "แชร์อยู่" AC2: Given revoke Then เปิดลิงก์เดิมได้หน้า "ลิงก์นี้ไม่สามารถใช้งานได้" AC3: ก่อนสร้างลิงก์ ระบบเตือน "ตรวจสอบว่าไม่มีข้อมูลส่วนตัวในแชทนี้" และสแกนหา PII (เลขบัตร/เบอร์โทร) แล้วแจ้งเตือนถ้าพบ - หมายเหตุ (สิ่งที่เห็นบนหน้าจอ): ปุ่ม "แชร์ลิงก์" ที่หัวแชทเปิดกล่อง "แชร์แชทนี้เป็นลิงก์อ่านอย่างเดียว" มี "หมดอายุใน" 7/30/90/180/365 วัน (ตั้งต้น 30), ช่องติ๊ก "ตั้งรหัสผ่านให้ลิงก์", ปุ่ม "สร้างลิงก์"; หลังสร้างขึ้น "สร้างลิงก์แล้ว" + ปุ่ม "คัดลอก" + ข้อความ "ลิงก์นี้แสดงครั้งเดียว ระบบเก็บเฉพาะค่าแฮช ถ้าทำหาย ให้ยกเลิกแล้วสร้างใหม่" และรายการ "ลิงก์ที่ใช้งานอยู่" (วันหมดอายุ จำนวนครั้งที่เปิด ปุ่ม "ยกเลิกลิงก์"); โฮสต์ของลิงก์ที่สร้างเป็นโฮสต์ที่ผู้ใช้เปิดเว็บอยู่ ไม่ใช่ค่า APP_URL; หน้า /share/<token> มี "ถามต่อในนิติมิตร" และกล่องท้ายหน้าระบุว่าเป็นข้อมูลกฎหมายทั่วไปที่อ้างอิงจากคลังความรู้ของนิติมิตร | K51: 3 | L51: เสร็จแล้ว
A52: 48 | B52: FR-CHAT-027 | C52: M2 | D52: แชทถามกฎหมาย (หน้าจอและการใช้งาน) | E52: ดูแชทที่ถูกแชร์ | F52: ระบบต้องแสดงแชทที่แชร์ในหน้า /share/<token> แบบอ่านอย่างเดียว (ไม่ต้อง login) พร้อม citation (เมื่อคำตอบมี), บรรทัด "ข้อมูล ณ วันที่ …", disclaimer, วันที่แชร์ และปุ่ม "ถามต่อในนิติมิตร" (เปิดแชทใหม่ของผู้ชมพร้อมคำถามแรกของแชทที่แชร์ — ไม่คัดลอกบทสนทนาทั้งหมดเป็น context เพื่อไม่ให้ข้อมูลของเจ้าของแชทตกไปอยู่ในแชทของผู้อื่น) | G52: all (รวมผู้ไม่ได้ login) | H52: Should (ควรมี) | I52: P1 | J52: AC1: Given ลิงก์มีรหัสผ่าน Then ต้องกรอกรหัสก่อน; ผิด 5 ครั้งล็อก 15 นาที AC2: หน้าแชร์มี noindex และไม่แสดงชื่อ/อีเมลเจ้าของ AC3: Given ลิงก์หมดอายุ Then แสดงหน้าหมดอายุ | K52: 3 | L52: เสร็จแล้ว
A53: 49 | B53: FR-CHAT-028 | C53: M2 | D53: แชทถามกฎหมาย (หน้าจอและการใช้งาน) | E53: Export แชทเป็น PDF | F53: ระบบต้องให้พิมพ์/บันทึกแชทเป็น PDF ผ่านหน้าพิมพ์ในเบราว์เซอร์ /print/<chatId> (ชื่อแชท, วันที่ พ.ศ., บทสนทนา, รายการอ้างอิง, disclaimer) | G53: member+ | H53: Could (อาจมี) | I53: P1 | J53: AC1: Given กด "พิมพ์ / PDF" Then เปิดหน้าพิมพ์ที่ไม่มี sidebar/header และสั่งพิมพ์/บันทึก PDF ได้ AC2: ฟอนต์ไทยแสดงถูกต้อง (ไม่มีสระลอย/ตัดคำผิดบรรทัด) | K53: 2 | L53: เสร็จแล้ว
A54: 50 | B54: FR-CHAT-029 | C54: M2 | D54: แชทถามกฎหมาย (หน้าจอและการใช้งาน) | E54: การเลื่อนหน้าจอและปุ่ม Scroll-to-bottom | F54: ระบบต้องมีปุ่มเลื่อนลงล่างสุด (อยู่ระหว่างพื้นที่ข้อความกับช่องพิมพ์ ตาม AI-EDW) เมื่อผู้ใช้ไม่ได้อยู่ท้ายแชท | G54: all | H54: Should (ควรมี) | I54: P1 | J54: AC1: Given ผู้ใช้เลื่อนขึ้นเกิน 200px จากท้าย Then ปุ่มปรากฏ; กดแล้วเลื่อนลงแบบ smooth | K54: 1 | L54: เสร็จแล้ว
A55: 51 | B55: FR-CHAT-030 | C55: M2 | D55: แชทถามกฎหมาย (หน้าจอและการใช้งาน) | E55: จำแชทล่าสุดและ Deep link | F55: ระบบต้องจำแชทล่าสุดที่เปิดของสมาชิก (last_chat_id ผ่าน update_settings; guest ไม่จำ) และเปิดแชทนั้นเมื่อกลับเข้า /chat โดยไม่มีพารามิเตอร์; รองรับ /chat/<chatId> และ ?q=<คำถาม> (เติมช่องพิมพ์) | G55: all | H55: Should (ควรมี) | I55: P1 | J55: AC1: Given เปิด /chat/<chatId ที่ไม่ใช่ของผู้ใช้> Then แสดง "ไม่พบแชท" และเปิดแชทใหม่ AC2: Given ?q= Then ข้อความถูกเติมแต่ยังไม่ส่ง (ป้องกันการส่งจากลิงก์ภายนอกโดยไม่ตั้งใจ) | K55: 2 | L55: เสร็จแล้ว
A56: 52 | B56: FR-CHAT-031 | C56: M2 | D56: แชทถามกฎหมาย (หน้าจอและการใช้งาน) | E56: แสดง Safety Notice | F56: เมื่อได้ event safety_notice ระบบต้องแสดงกล่องเด่น (สี warning/danger ตามระดับ) เหนือ คำตอบ มีหัวข้อ, ข้อความสั้น, และปุ่มโทรออก (tel:) ของสายด่วนที่ตรวจยืนยันแล้ว (ปัจจุบันยังไม่มีข้อมูลติดต่อที่ผ่านการตรวจ จึงยังไม่มีปุ่มโทร) | G56: all | H56: Must (ต้องมี) | I56: P1 | J56: AC1: Given ระดับ urgent Then กล่องใช้สี danger, อยู่บนสุดของ bubble และถูกอ่านโดย screen reader ก่อน (role="alert") AC2: Given มีหมายเลขที่ตรวจยืนยัน When กดปุ่มโทรบนมือถือ Then เปิดแอปโทรศัพท์ AC3: safety notice ถูกเก็บกับข้อความและแสดงซ้ำเมื่อเปิดแชทย้อนหลัง | K56: 3 | L56: กำลังทำ | O56: กล่องแจ้งเตือนยังไม่มีหัวข้อ (มีแต่ข้อความสั้น) และยังไม่มีเบอร์โทรที่ตรวจยืนยันแล้ว
A57: 53 | B57: FR-CHAT-032 | C57: M2 | D57: แชทถามกฎหมาย (หน้าจอและการใช้งาน) | E57: แสดง Guardrail Bubble | F57: เมื่อได้ event guardrail ระบบต้องแทนเนื้อหา bubble ด้วยกล่องแจ้งตาม kind + stage: unavailable (ระบบไม่พร้อม), quota/quota (ครบโควตา) — payload ตาม 03-technical-spec.md §3.3 — ข้อความเป็นภาษาคนอ่านได้ ไม่มี JSON ดิบ และไม่มีปุ่ม actions ยกเว้นลองใหม่ (unavailable) | G57: all | H57: Must (ต้องมี) | I57: P1 | J57: AC1: Given เปิดแชทย้อนหลังที่เคยแสดง guardrail bubble Then แสดงเหมือนตอน live AC2: Given คำถามนอกขอบเขตของคลังความรู้ Then คำตอบ (ไม่ใช่ guardrail bubble) แนะนำว่าคลังครอบคลุมเรื่องใดบ้าง (FR-AI-004) | K57: 2 | L57: กำลังทำ | O57: กล่องแจ้งเตือนระบบไม่พร้อมยังไม่มีปุ่มลองใหม่
A58: 54 | B58: FR-CHAT-034 | C58: M2 | D58: แชทถามกฎหมาย (หน้าจอและการใช้งาน) | E58: แท็บ "ที่บันทึกไว้" (Saved Panel) | F58: ระบบต้องมีหน้า "ที่บันทึกไว้" (/saved): รายการคำตอบที่ bookmark และบทความ/มาตรา/คู่มือ/แบบหนังสือ/คำศัพท์ที่บันทึก; รองรับค้นหา, ปักหมุด, เปลี่ยนชื่อ, ลบ | G58: member+ | H58: Should (ควรมี) | I58: P1 | J58: AC1: Given คลิกรายการคำตอบ Then เปิดแชทต้นทางและเลื่อนไปยังคำตอบนั้น (highlight 2 วินาที) AC2: Given คลิกรายการบทความ Then เปิดหน้าเนื้อหานั้น AC3: ค้นหากรองตามชื่อแบบ real-time | K58: 3 | L58: เสร็จแล้ว
A59: 55 | B59: FR-AI-001 | C59: M2 | D59: แชทถามกฎหมาย (เครื่องตอบ/ค้นหา/Guardrails) | E59: Retrieval แบบ Hybrid ตามขอบเขต | F59: ระบบต้องค้นเอกสารจาก kb.chunks ด้วย dense (bge-m3) + lexical (token/trigram) ก่อนเลือกข้อความตอบ โดยค้นเฉพาะเนื้อหา published (และ draft เฉพาะระบบทดสอบที่เปิด KB_SERVE_DRAFTS โดยติดป้าย "ฉบับร่าง") และตัวบทเวอร์ชันที่เหมาะสม (FR-AI-013) ภายใน Legal Scope (FR-CHAT-011) | G59: system | H59: Must (ต้องมี) | I59: P1 | J59: AC1: ชุดทดสอบ retrieval (151 เคส, eval.retrieval_eval) ผ่านเกณฑ์ใน 03-technical-spec.md §4.1 AC2: Given คำถามมีเลขมาตรา เช่น "มาตรา 383" Then มาตรานั้นต้องถูกเลือกเป็นคำตอบ (exact match) AC3: เนื้อหา in_review/archived ต้องไม่ถูก retrieve (ทดสอบอัตโนมัติ); draft ไม่ถูก retrieve ใน production | K59: 3 | L59: กำลังทำ | O59: ยังไม่มีการทดสอบอัตโนมัติว่าเนื้อหารอตรวจ/เก็บถาวรไม่ถูกค้น และระบบทดสอบที่เปิดฉบับร่างค้นเจอเนื้อหารอตรวจด้วย
A60: 56 | B60: FR-AI-002 | C60: M2 | D60: แชทถามกฎหมาย (เครื่องตอบ/ค้นหา/Guardrails) | E60: Citation สำหรับข้อเท็จจริงทางกฎหมาย | F60: ข้อความตัวบทที่ปรากฏในคำตอบต้องผูก citation [n] ไปยังมาตราในคลังความรู้ และระบบต้องส่ง event citations ที่มี source id, ชนิด, label, ตำแหน่งในข้อความ, วันที่มีผล และสถานะ (published/draft) | G60: system | H60: Must (ต้องมี) | I60: P1 | J60: AC1: Given คำตอบอ้างตัวบท Then ทุก marker [n] มี citation คู่กัน และเปิดดูข้อความมาตราคำต่อคำได้ (FR-CHAT-010) AC2: Given อ้างมาตราที่ไม่มีในคลัง Then ระบบแจ้งว่า "ยังไม่มี… ในคลังความรู้" และไม่สร้าง citation | K60: 2 | L60: กำลังทำ | O60: event citations ยังไม่ส่งสถานะ published/ฉบับร่างของแหล่ง และในโหมด PNC_PRIMARY คำตอบจาก API บริษัทไม่มีรายการอ้างอิง
A61: 57 | B61: FR-AI-003 | C61: M2 | D61: แชทถามกฎหมาย (เครื่องตอบ/ค้นหา/Guardrails) | E61: การอ้างอิงต้องตรงกับคลังความรู้ | F61: การอ้างมาตรา/กฎหมายในคำตอบต้องถูก resolve กับ kb.law_sections ฉบับที่มีผลก่อนแสดงผล (ข้อความอ้างอิงในบทความเขียนเป็น token เช่น [[law:ccc:383]] แล้วแปลงเป็น citation) — ระบบไม่แสดงเลขมาตรา เลขฎีกา หรือชื่อกฎหมายที่ไม่มีในคลัง | G61: system | H61: Must (ต้องมี) | I61: P1 | J61: AC1: Given token อ้างอิงที่ไม่มีมาตรานั้นในคลัง Then ข้อความที่ผู้ใช้เห็นไม่มีการอ้างนั้น AC2: ผลตรวจเก็บใน app.messages.verification / verification_status; บล็อกจาก API ฐานความรู้ของบริษัท (ไม่มี citation) ถูกตั้ง verification_status = warned และบันทึก app.guardrail_events (category=unverified_section) — ดู 03-technical-spec.md §7.15 (ในโหมด PNC_PRIMARY คำตอบจาก API บริษัทที่แสดงทั้งคำตอบไม่มีรายการอ้างอิงและไม่มีป้ายบอกแหล่งบนหน้าจอ) | K61: 2 | L61: เสร็จแล้ว
A62: 58 | B62: FR-AI-004 | C62: M2 | D62: แชทถามกฎหมาย (เครื่องตอบ/ค้นหา/Guardrails) | E62: ตอบอย่างซื่อตรงเมื่อไม่มีข้อมูล | F62: เมื่อ retrieval ไม่พบเอกสารที่เกี่ยวข้องเพียงพอ (score ต่ำกว่าเกณฑ์) หรือคำถามเป็นเรื่องนอกขอบเขตของคลังความรู้ (เช่น แรงงาน ครอบครัว อาญา จราจร ภาษี) ระบบต้องบอกผู้ใช้ตรง ๆ ว่ายังไม่มีข้อมูลในคลังความรู้ ไม่เดาคำตอบ พร้อมบอกขอบเขตที่คลังครอบคลุมและแนะนำให้ปรึกษาทนายความ | G62: system | H62: Must (ต้องมี) | I62: P1 | J62: AC1: Given คำถามเรื่องที่ไม่มีเนื้อหาในคลัง Then คำตอบไม่มีการอ้างมาตรา และมีข้อความ "ยังไม่พบข้อมูลในคลังความรู้ของนิติมิตร…" AC2: Given คำถามนอกขอบเขตที่ชัดเจน Then คำตอบระบุหมวดที่ถามว่ายังไม่อยู่ในคลัง | K62: 2 | L62: เสร็จแล้ว
A63: 59 | B63: FR-AI-006 | C63: M2 | D63: แชทถามกฎหมาย (เครื่องตอบ/ค้นหา/Guardrails) | E63: คำตอบประกอบจากข้อความในคลังความรู้เท่านั้น | F63: คำตอบต้องประกอบจากข้อความในคลังความรู้ที่ผู้ตรวจจัดการแล้ว โดยระบบเลือก เรียง และจัดรูปแบบเท่านั้น: (ก) ถามเรื่อง → แสดงบทความ/คู่มือที่ตรงที่สุดทั้งหัวข้อตามโครงของเนื้อหานั้น (สรุป → สิทธิ/หลักกฎหมาย → ขั้นตอน → เอกสาร → ระยะเวลา → เมื่อไรควรปรึกษาทนายความ ตามที่เนื้อหานั้นมี) (ข) ถามเลขมาตรา → แสดงตัวบทคำต่อคำพร้อมฉบับที่ใช้ (ค) ถามความหมายศัพท์ → แสดงคำจากอภิธานศัพท์ (ง) ไม่มีบทความตอบตรง แต่พบตัวบทที่เกี่ยวข้อง → แสดงตัวบทพร้อมข้อความว่าระบบยังอธิบายการใช้กับข้อเท็จจริงของผู้ใช้ไม่ได้ | G63: system | H63: Must (ต้องมี) | I63: P1 | J63: AC1: ทุกประโยคในคำตอบสืบย้อนไปยังเนื้อหาในคลังได้ (ชุดทดสอบ eval.extractive_check) AC2: คำตอบมีบรรทัดปิดท้าย "ข้อมูล ณ วันที่ … · ข้อมูลนี้เป็นความรู้ทั่วไป ไม่ใช่คำปรึกษาทางกฎหมายสำหรับกรณีเฉพาะของคุณ" AC3: Given เนื้อหาที่ใช้ตอบยังเป็นฉบับร่างที่ยังไม่ผ่านผู้ตรวจ Then คำตอบมีป้าย "ฉบับร่าง — ยังไม่ผ่านผู้ตรวจเนื้อหา" (BR-027) | K63: 3 | L63: กำลังทำ | O63: โหมด PNC_PRIMARY ที่เปิดอยู่ใช้คำตอบจาก API บริษัททั้งก้อน ไม่ได้ประกอบจากคลังและไม่มีป้ายฉบับร่าง
A64: 60 | B64: FR-AI-008 | C64: M2 | D64: แชทถามกฎหมาย (เครื่องตอบ/ค้นหา/Guardrails) | E64: Disclaimer และ As-of Date | F64: ทุกคำตอบเชิงกฎหมายต้องมี disclaimer สั้น (ข้อความมาตรฐาน ไม่ได้แต่งใหม่) และ "ข้อมูล ณ วันที่ …" (วันที่ของตัวบท/เนื้อหาล่าสุดที่ใช้) แสดงท้าย bubble | G64: system | H64: Must (ต้องมี) | I64: P1 | J64: AC1: Given คำตอบมี citation Then footer ของ bubble แสดง as-of date เป็น พ.ศ. (locale th) AC2: UI render disclaimer จาก i18n key disclaimer_short ที่ footer ของทุก assistant bubble ที่ status=completed | K64: 2 | L64: กำลังทำ | O64: บรรทัดวันที่และข้อจำกัดมากับเนื้อคำตอบ ไม่ได้ให้หน้าจอแสดงจากข้อความกลางทุกคำตอบ และคำทักทายไม่มีบรรทัดนี้
A65: 61 | B65: FR-AI-009 | C65: M2 | D65: แชทถามกฎหมาย (เครื่องตอบ/ค้นหา/Guardrails) | E65: Safety Triage | F65: ระบบต้องจัดระดับความเร่งด่วนของทุกข้อความผู้ใช้ด้วยชุดคำสำคัญ (keyword) ตามหมวดใน BR-006 และส่ง event safety_notice (level: urgent | caution, category, message, contacts[] — payload ตาม 03-technical-spec.md §3.3) ก่อนเริ่มคำตอบ; หมายเลขโทรศัพท์ใน contacts[] ต้องมาจากข้อมูลที่ตรวจยืนยันแล้วเท่านั้น — ขณะนี้ยังไม่มีข้อมูลติดต่อที่ผ่านการตรวจ กล่องแจ้งเตือนจึงมีข้อความคำแนะนำทั่วไปและยังไม่มีเบอร์โทร | G65: system | H65: Must (ต้องมี) | I65: P1 | J65: AC1: Given ข้อความบ่งชี้ความรุนแรงในครอบครัว ถูกขู่ฆ่า ทำร้ายเด็ก หรือคิดทำร้ายตัวเอง Then level=urgent และกล่อง safety_notice แสดงก่อนคำตอบ AC2: Given ข้อความบ่งชี้ว่าถูกจับกุม กำลังถูกหลอกโอนเงิน หรือเรื่องใกล้ครบกำหนด (เช่น ได้รับหมายเรียก) Then level=caution AC3: ผลทดสอบ safety smoke set ต้องครบ 100% (NFR-LEGAL-008) | K65: 3 | L65: กำลังทำ | O65: ยังไม่มีชุดทดสอบ safety smoke set ครบทุกหมวด (มีทดสอบเพียงไม่กี่ตัวอย่าง) และยังไม่มีเบอร์โทรที่ตรวจยืนยัน
A66: 62 | B66: FR-AI-012 | C66: M2 | D66: แชทถามกฎหมาย (เครื่องตอบ/ค้นหา/Guardrails) | E66: Mask PII ก่อนค้นหา บันทึก และส่งต่อ | F66: ระบบต้องตรวจและแทนที่ PII ในข้อความผู้ใช้ก่อนนำไปค้นหา ก่อนบันทึก log/retrieval log และก่อนส่งไป API ฐานความรู้ของบริษัท (เมื่อเปิดใช้): เลขประจำตัวประชาชน 13 หลัก (ตรวจ checksum), เบอร์โทร, อีเมล, เลขบัญชีธนาคาร ด้วย placeholder เช่น [เลขบัตรประชาชน#1] | G66: system | H66: Must (ต้องมี) | I66: P1 | J66: AC1: Given ข้อความมีเลขบัตร 13 หลักที่ checksum ถูก Then ข้อความที่ใช้ค้นหา/บันทึกไม่มีเลขนั้น (ตรวจจาก test double) AC2: Precision/recall ของ PII detector บน test set ≥ 0.95/0.95 สำหรับเลขบัตร/เบอร์โทร/อีเมล | K66: 2 | L66: กำลังทำ | O66: ยังไม่มีชุดทดสอบวัด precision/recall ของตัวตรวจ PII (มีทดสอบตัวอย่างไม่กี่ข้อ) และ placeholder ยังไม่มีเลขลำดับ
A67: 63 | B67: FR-AI-013 | C67: M2 | D67: แชทถามกฎหมาย (เครื่องตอบ/ค้นหา/Guardrails) | E67: เลือกเวอร์ชันตัวบทตามวันที่ | F67: ระบบต้องใช้ตัวบทเวอร์ชันที่มีผล ณ วันที่อ้างอิง (as_of, ค่าเริ่มต้น = วันนี้ เขตเวลา Asia/Bangkok) และแสดงฉบับที่ใช้ (BR-009) | G67: system | H67: Must (ต้องมี) | I67: P1 | J67: AC1: Given มาตรามี 2 เวอร์ชัน Then คำตอบใช้เวอร์ชันที่ effective_from ≤ as_of < effective_to และแสดง "ข้อความจาก: <ฉบับ>" AC2: เวอร์ชันที่ยังไม่มีผล (effective_from ในอนาคต) ไม่ถูกใช้ตอบ | K67: 2 | L67: กำลังทำ | O67: เลือกตัวบทตามวันที่ได้ แต่แสดง 'ข้อความจาก: ฉบับ' เฉพาะฉบับร่าง และยังไม่มีทดสอบกรณีมี 2 เวอร์ชัน
A68: 64 | B68: FR-AI-014 | C68: M2 | D68: แชทถามกฎหมาย (เครื่องตอบ/ค้นหา/Guardrails) | E68: ตั้งชื่อแชทอัตโนมัติ | F68: หลังคำตอบแรกของแชท ระบบต้องตั้งชื่อแชทจากบรรทัดแรกของคำถาม (หลัง mask PII, ≤60 อักษร, ไม่ตัดกลางพยางค์ไทย) และส่ง event title_update | G68: system | H68: Should (ควรมี) | I68: P1 | J68: AC1: ชื่อไม่มีเลขบัตร/เบอร์โทร/อีเมล (สร้างจากข้อความที่ mask แล้ว) AC2: ชื่อที่ผู้ใช้ตั้งเองไม่ถูกเขียนทับ (BR-013) | K68: 2 | L68: เสร็จแล้ว
A69: 65 | B69: FR-AI-015 | C69: M2 | D69: แชทถามกฎหมาย (เครื่องตอบ/ค้นหา/Guardrails) | E69: Quota การใช้งาน | F69: ระบบต้องตรวจ quota ข้อความรายวัน (ตาราง app.usage_counters) ก่อนประมวลผลคำถามทุกครั้ง และบันทึกจำนวนข้อความต่อวัน/ต่อผู้ใช้ — ไม่บันทึกข้อความดิบ | G69: system | H69: Must (ต้องมี) | I69: P1 | J69: AC1: Given ครบ quota Then ไม่มีการค้นหา/ตอบ และส่ง event guardrail (kind=quota) AC2: หน้า "การใช้งาน" ของหลังบ้าน (FR-ADM-016) รวมจำนวนข้อความรายวันได้จากข้อมูลนี้ | K69: 2 | L69: เสร็จแล้ว
A70: 66 | B70: FR-AI-017 | C70: M2 | D70: แชทถามกฎหมาย (เครื่องตอบ/ค้นหา/Guardrails) | E70: แนะนำให้ปรึกษาทนายความและไม่ทำนายผลคดี | F70: ระบบต้องไม่ทำนายผลคดีเป็นตัวเลข/ความน่าจะเป็น และต้องแนะนำให้ปรึกษาทนายความเมื่อไม่มีข้อมูลตอบ เมื่อพบเพียงตัวบทโดยไม่อธิบายการใช้กับข้อเท็จจริง หรือเมื่อเรื่องมีมูลค่าสูง/มีกำหนดเวลา | G70: system | H70: Must (ต้องมี) | I70: P1 | J70: AC1: Given ไม่พบข้อมูลในคลัง หรือตอบด้วยตัวบทอย่างเดียว Then คำตอบมีข้อความแนะนำให้ปรึกษาทนายความ AC2: คำตอบไม่มีข้อความเช่น "โอกาสชนะ 80%" (ข้อความมาจากคลังความรู้ที่ผู้ตรวจจัดการแล้วเท่านั้น) | K70: 2 | L70: เสร็จแล้ว
A71: 67 | B71: FR-AI-018 | C71: M2 | D71: แชทถามกฎหมาย (เครื่องตอบ/ค้นหา/Guardrails) | E71: ภาษาของข้อความระบบ | F71: ข้อความที่ระบบเป็นผู้เขียน (คำนำ, บรรทัดปิดท้าย, ข้อความไม่พบข้อมูล, สถานะ) ต้องเป็นภาษาของ UI/ผู้ใช้ (th/en); เนื้อหาจากคลังความรู้เป็นภาษาไทย | G71: system | H71: Must (ต้องมี) | I71: P1 | J71: AC1: Given ผู้ใช้ใช้ภาษา English Then คำนำ บรรทัดปิดท้าย และข้อความไม่พบข้อมูลเป็นภาษาอังกฤษ และระบุว่าเนื้อหาจากคลังเป็นภาษาไทย (ตัวบทภาษาไทยเป็นฉบับที่มีผลทางกฎหมาย) | K71: 1 | L71: เสร็จแล้ว
A72: 68 | B72: FR-AI-020 | C72: M2 | D72: แชทถามกฎหมาย (เครื่องตอบ/ค้นหา/Guardrails) | E72: การจัดการเมื่อระบบค้นหาไม่พร้อม | F72: เมื่อบริการค้นหา/ตอบไม่พร้อมใช้งาน ระบบต้องส่ง event guardrail (kind=unavailable) ที่อ่านเข้าใจได้ พร้อมปุ่มลองใหม่ และไม่ทำให้หน้าอื่น (คลังความรู้, คู่มือ, แบบหนังสือ) ใช้ไม่ได้ | G72: system | H72: Must (ต้องมี) | I72: P1 | J72: AC1: Given AI service ไม่พร้อม Then ผู้ใช้เห็นข้อความ "ระบบไม่พร้อมชั่วคราว กรุณาลองใหม่" + ปุ่มลองใหม่ AC2: ข้อความที่ล้มเหลวจากฝั่งระบบไม่นับ quota (BR-001) | K72: 2 | L72: กำลังทำ | O72: ข้อความที่ระบบไม่พร้อมไม่มีปุ่มลองใหม่ในกล่อง guardrail และข้อความที่ล้มเหลวฝั่งระบบยังถูกนับโควตา
A73: 69 | B73: FR-KB-001 | C73: M3 | D73: คลังความรู้ | E73: หน้าแรกคลังความรู้ | F73: ระบบต้องแสดง /library เป็น grid การ์ดหมวด (ไอคอน, ชื่อ, จำนวนเนื้อหาแยกตามชนิด) พร้อมช่องค้นหาด้านบน — แสดงเฉพาะหมวดที่มีเนื้อหาในคลัง (ปัจจุบัน: หนี้และสัญญา, บุคคลและนิติกรรม, คุ้มครองผู้บริโภค, กระบวนการยุติธรรม); หมวดอื่นไม่แสดงจนกว่าจะมีเนื้อหา; หน้าเรนเดอร์ตามคำขอ (อยู่หลัง login) | G73: all | H73: Must (ต้องมี) | I73: P1 | J73: AC1: หมวดและรหัสตรงกับ taxonomy ใน 01-blueprint.md §6 AC2: บนมือถือ grid เป็น 1–2 คอลัมน์ ไม่มี horizontal scroll | K73: 2 | L73: เสร็จแล้ว
A74: 70 | B74: FR-KB-002 | C74: M3 | D74: คลังความรู้ | E74: หน้าหมวด | F74: ระบบต้องแสดง /library/<category>: คำอธิบายหมวด, หมวดย่อย, รายการเนื้อหาแยกแท็บตามชนิด (บทความ / ตัวบท / แบบหนังสือ / คำศัพท์ — ไม่มีแท็บคู่มือ), ตัวกรองระดับ (พื้นฐาน/ปฏิบัติ/เชิงลึก) และหมวดย่อย (อยู่ใน URL ส่งต่อได้) และ breadcrumb | G74: all | H74: Must (ต้องมี) | I74: P1 | J74: AC1: Given เลือก filter ระดับ "พื้นฐาน" Then แสดงเฉพาะบทความระดับนั้น และ URL สะท้อน filter (แชร์ได้) AC2: แสดง breadcrumb: คลังความรู้ › <หมวด> | K74: 2 | L74: เสร็จแล้ว
A75: 71 | B75: FR-KB-003 | C75: M3 | D75: คลังความรู้ | E75: หน้าบทความ | F75: ระบบต้องแสดงบทความ: ชื่อ, ระดับ, สรุปสั้น, เนื้อหา markdown พร้อม citation ที่เป็นลิงก์ไปมาตรา, "ฐานกฎหมาย" ท้ายบทความ, วันที่ปรับปรุงล่าสุด, ป้ายฉบับร่างเมื่อเนื้อหายังไม่ผ่านผู้ตรวจ, ปุ่มบันทึก (สมาชิก), ปุ่ม "ถามนิติมิตรเรื่องนี้" และ tooltip ศัพท์ | G75: all | H75: Must (ต้องมี) | I75: P1 | J75: AC1: หน้าเรนเดอร์ฝั่ง server มี <title> และ meta description AC2: glossary tooltip ทำงานในบทความ (ใช้ component เดียวกับ FR-CHAT-015) | K75: 2 | L75: กำลังทำ | O75: หน้าบทความยังไม่แสดงระดับของบทความ และไม่มีส่วน 'ฐานกฎหมาย' ท้ายบทความ (เนื้อหาไม่มีหัวข้อนี้)
A76: 72 | B76: FR-KB-005 | C76: M3 | D76: คลังความรู้ | E76: รายการกฎหมาย | F76: ระบบต้องแสดงรายการกฎหมายใน /law จัดกลุ่มตามประเภท (ประมวลกฎหมาย, พระราชบัญญัติ ฯลฯ) พร้อมค้นหาชื่อ/ชื่อย่อ (เช่น "ปพพ", "ป.พ.พ.") | G76: all | H76: Must (ต้องมี) | I76: P1 | J76: AC1: Given พิมพ์ "ปพพ" Then พบ ประมวลกฎหมายแพ่งและพาณิชย์ (รองรับชื่อย่อแบบมี/ไม่มีจุด) AC2: แต่ละรายการแสดงชื่อเต็ม, ปี พ.ศ., วันที่ปรับปรุงล่าสุด, จำนวนมาตรา | K76: 2 | L76: กำลังทำ | O76: รายการ ป.พ.พ./ป.วิ.พ. ยังไม่แสดงปี พ.ศ. และวันที่ปรับปรุงล่าสุด (ไม่มีข้อมูล) ค้นหา ปพพ ได้
A77: 73 | B77: FR-KB-006 | C77: M3 | D77: คลังความรู้ | E77: อ่านตัวบท | F77: ระบบต้องแสดงตัวบทเป็นรายการมาตรา (/law/<code>) พร้อมเลขวรรคที่ขอบซ้าย, ฉบับที่ใช้, วันมีผล (ถ้ายังไม่ยืนยันแสดง "ยังไม่ได้ยืนยัน"), แหล่งที่มา/ลิงก์ต้นฉบับทางการ, หัวข้อในคลังที่อ้างมาตรานั้น และปุ่ม "ถามนิติมิตรเรื่องนี้" | G77: all | H77: Must (ต้องมี) | I77: P1 | J77: AC1: ทุกมาตราแสดงสถานะฉบับ (published/ฉบับร่าง) และแหล่งที่มา AC2: ข้อความตัวบทต้องตรงกับต้นฉบับทางการ; ฉบับที่ยังไม่ผ่านผู้ตรวจติดป้ายฉบับร่าง (BR-027) | K77: 2 | L77: เสร็จแล้ว
A78: 74 | B78: FR-KB-008 | C78: M3 | D78: คลังความรู้ | E78: การอ้างอิงไขว้ | F78: ระบบต้องแสดงที่หน้ามาตราว่า "หัวข้อที่อ้างมาตรานี้" (บทความ/คู่มือที่ published หรือ draft ตามโหมดของระบบ) | G78: all | H78: Should (ควรมี) | I78: P1 | J78: AC1: panel แสดงเฉพาะเนื้อหา published (ในระบบที่ไม่เปิดโหมดแสดงฉบับร่าง) | K78: 1 | L78: กำลังทำ | O78: แผง 'หัวข้อที่อ้างมาตรานี้' แสดงเฉพาะบทความ ยังไม่รวมคู่มือ
A79: 75 | B79: FR-KB-009 | C79: M3 | D79: คลังความรู้ | E79: ค้นหาแบบ Hybrid | F79: ระบบต้องค้นหาเนื้อหาทุกชนิดด้วย hybrid search (คำ + ความหมาย) พร้อม filter หมวด/ชนิด (บทความ, แบบหนังสือ, คำศัพท์, ตัวบท)/ระดับ, แยกกลุ่มผลลัพธ์ตามชนิด, และปุ่ม "ถามนิติมิตรแทน" เมื่อผลลัพธ์น้อยหรือไม่พบ — ผ่าน POST /v1/kb/search ของ AI service | G79: all | H79: Must (ต้องมี) | I79: P1 | J79: AC1: Given ค้น "ค่าปรับส่งงานช้า" Then บทความที่เกี่ยวข้องอยู่ในอันดับต้น AC2: latency p95 ≤ 800ms (NFR-PERF-003) | K79: 2 | L79: กำลังทำ | O79: หน้าค้นหายังกรองได้เฉพาะชนิดเนื้อหา ยังไม่มีตัวกรองหมวดและระดับ
A80: 76 | B80: FR-KB-010 | C80: M3 | D80: คลังความรู้ | E80: ค้นด้วยเลขมาตรา | F80: ระบบต้องแปลงรูปแบบค้นหาเลขมาตรา เช่น "ปพพ 383", "ป.พ.พ. มาตรา 383", "ม.383 ปพพ", "CCC 383", เลขไทย "๓๘๓" ไปยังมาตรานั้นโดยตรง; ถ้าค้นมาตราที่ไม่มีในคลังต้องแจ้งว่าไม่พบ ไม่เดาให้ | G80: all | H80: Must (ต้องมี) | I80: P1 | J80: AC1: Given ค้น "ปพพ ๓๘๓" Then ผลแรกคือ ป.พ.พ. มาตรา 383 (มาตราที่พิมพ์ตรงขึ้นก่อนและมีป้าย "ตรงกับที่ค้นหา") AC2: ใช้ได้ทั้งในช่องค้นหาคลังความรู้และหน้า /law | K80: 2 | L80: กำลังทำ | O80: ช่องค้นหาที่หน้า /law ยังไม่รองรับพิมพ์เลขมาตรา (เช่น ปพพ 383) ใช้ได้เฉพาะช่องค้นหาคลังความรู้
A81: 77 | B81: FR-KB-011 | C81: M3 | D81: คลังความรู้ | E81: อภิธานศัพท์ | F81: ระบบต้องมีหน้าอภิธานศัพท์ เรียงตามพจนานุกรมไทย + ตัวอักษรกระโดด + ค้นหา และหน้าคำศัพท์ (ความหมายสั้น/ยาว, คำที่ใช้เรียกอีกอย่าง, มาตราที่เกี่ยวข้อง, คำแปลอังกฤษ) | G81: all | H81: Must (ต้องมี) | I81: P1 | J81: AC1: เรียงตามพจนานุกรมไทย (collation ไทย) ถูกต้อง AC2: คำศัพท์ทุกคำเป็นแหล่งของ tooltip ใน FR-CHAT-015 | K81: 2 | L81: เสร็จแล้ว
A82: 78 | B82: FR-KB-014 | C82: M3 | D82: คลังความรู้ | E82: บันทึกเนื้อหา | F82: ระบบต้องมีปุ่มบันทึก (ไปที่ "ที่บันทึกไว้") ในบทความ/มาตรา/คู่มือ/แบบหนังสือ/คำศัพท์ สำหรับสมาชิก | G82: member+ | H82: Should (ควรมี) | I82: P1 | J82: AC1: Given guest กดบันทึก Then แสดง prompt ชวนสมัคร | K82: 1 | L82: กำลังทำ | O82: ผู้ทดลองใช้ไม่เห็นปุ่มบันทึกในหน้าเนื้อหา จึงไม่มีข้อความชวนสมัคร (ในแชทมีข้อความชวนสมัคร)
A83: 79 | B83: FR-KB-015 | C83: M3 | D83: คลังความรู้ | E83: ปุ่ม "ถามนิติมิตรเรื่องนี้" | F83: ทุกหน้าเนื้อหาใน M3/M5/M6 ต้องมีปุ่มที่เปิดหน้าแชทพร้อมเติมคำถามให้ (/chat?q=) โดยไม่ส่งจนกว่าผู้ใช้กดส่งเอง | G83: all | H83: Must (ต้องมี) | I83: P1 | J83: AC1: Given กดปุ่มจากบทความ Then เปิดหน้าแชทที่ช่องพิมพ์มีคำถามเติมไว้ (ไม่ส่งอัตโนมัติ) | K83: 1 | L83: เสร็จแล้ว
A84: 80 | B84: FR-KB-016 | C84: M3 | D84: คลังความรู้ | E84: แสดงความสดใหม่ของเนื้อหา | F84: ทุกเนื้อหาต้องแสดง "ปรับปรุงล่าสุด" (พ.ศ.) และป้าย "ฉบับร่าง — ยังไม่ผ่านผู้ตรวจเนื้อหา" จนกว่าจะมีบันทึกการอนุมัติจริงใน kb.content_reviews (BR-027) | G84: all | H84: Must (ต้องมี) | I84: P1 | J84: AC1: Given เนื้อหาถูกอนุมัติและเผยแพร่ Then ป้ายฉบับร่างหายภายในไม่กี่วินาที | K84: 1 | L84: กำลังทำ | O84: หน้ามาตราและหน้าอภิธานศัพท์ยังไม่แสดงวันที่ 'ปรับปรุงล่าสุด' (บทความ คู่มือ แบบหนังสือมี) ป้ายฉบับร่างมี
A85: 81 | B85: FR-GUIDE-001 | C85: M5 | D85: คู่มือขั้นตอน | E85: แคตตาล็อกคู่มือ | F85: คู่มือขั้นตอนเปิดได้จากลิงก์อ้างอิงในคำตอบแชท การ์ด "ขั้นตอนถัดไป" ลิงก์ในบทความ/คู่มืออื่น และรายการ "ที่บันทึกไว้" ไปที่ /guides/<slug> — ไม่มีเมนูคู่มือใน sidebar ไม่มีลิงก์ในหน้า /library ไม่มีแท็บในหน้าหมวด และไม่อยู่ในตัวกรองชนิดของหน้าค้นหา (หน้า /guides ยังเปิดได้ด้วย URL แต่ไม่มีลิงก์ไป) | G85: all | H85: Must (ต้องมี) | I85: P1 | J85: AC1: ลิงก์ไปคู่มือเปิดหน้า /guides/<slug> AC2: เมนูหลักมีเฉพาะ ถามกฎหมาย, คลังความรู้, แบบหนังสือ, ที่บันทึกไว้ (+ หลังบ้านสำหรับทีมงาน) | K85: 2 | L85: เสร็จแล้ว
A86: 82 | B86: FR-GUIDE-002 | C86: M5 | D86: คู่มือขั้นตอน | E86: โครงสร้างคู่มือ | F86: คู่มือต้องแสดงตามโครงของเนื้อหา: ภาพรวม · ใครใช้ · เอกสาร (checklist) · ขั้นตอน · ระยะเวลา · ข้อควรระวัง · ฐานกฎหมาย (citation) | G86: all | H86: Must (ต้องมี) | I86: P1 | J86: AC1: stepper บนมือถือแสดงเป็นแนวตั้ง AC2: ส่วน "ฐานกฎหมาย" แสดงเป็นลิงก์ไปมาตราในคลัง | K86: 2 | L86: เสร็จแล้ว
A87: 83 | B87: FR-GUIDE-003 | C87: M5 | D87: คู่มือขั้นตอน | E87: Checklist และความก้าวหน้า | F87: ระบบต้องให้ติ๊ก checklist เอกสารและขั้นตอน; member บันทึกลง app.guide_progress (ใช้ต่อได้ทุกอุปกรณ์), guest เก็บ localStorage; แถบ "ทำแล้ว x จาก y"; มีปุ่ม "เริ่มใหม่" และ "ทำเสร็จแล้ว" | G87: all | H87: Must (ต้องมี) | I87: P1 | J87: AC1: Given ติ๊กแล้ว reload Then สถานะยังอยู่ | K87: 1 | L87: เสร็จแล้ว
A88: 84 | B88: FR-GUIDE-005 | C88: M5 | D88: คู่มือขั้นตอน | E88: ลิงก์เนื้อหาที่เกี่ยวข้อง | F88: ระบบต้องแสดงลิงก์ไปแบบหนังสือ (M6), คู่มือ/บทความอื่น และมาตราที่เกี่ยวข้องในเนื้อหาของคู่มือ | G88: all | H88: Should (ควรมี) | I88: P1 | J88: AC1: ลิงก์ไปเนื้อหาที่ถูก archive ถูกซ่อนอัตโนมัติ | K88: 1 | L88: เสร็จแล้ว
A89: 85 | B89: FR-GUIDE-006 | C89: M5 | D89: คู่มือขั้นตอน | E89: พิมพ์/ดาวน์โหลดคู่มือ | F89: ระบบต้องมี print stylesheet และปุ่ม "พิมพ์ / บันทึก PDF" ที่รวม checklist ให้ติ๊กบนกระดาษได้ | G89: all | H89: Should (ควรมี) | I89: P1 | J89: AC1: หน้าพิมพ์ไม่มี sidebar/header/footer และมี URL + วันที่พิมพ์ท้ายหน้า | K89: 1 | L89: เสร็จแล้ว
A90: 86 | B90: FR-GUIDE-007 | C90: M5 | D90: คู่มือขั้นตอน | E90: คู่มือในการค้นหาของแชท | F90: เครื่องค้นของแชท (FR-AI-001) ค้นเนื้อหาคู่มือรวมกับเนื้อหาอื่นเพื่อใช้ตอบและเสนอ "ขั้นตอนถัดไป"; หน้าค้นหาในคลังความรู้ไม่มีกลุ่มผลลัพธ์ "คู่มือ" | G90: all | H90: Should (ควรมี) | I90: P1 | J90: AC1: Given คำถามที่ตรงกับคู่มือ Then การ์ด "ขั้นตอนถัดไป" ใต้คำตอบมีลิงก์ไปคู่มือนั้น | K90: 1 | L90: เสร็จแล้ว
A91: 87 | B91: FR-GUIDE-008 | C91: M5 | D91: คู่มือขั้นตอน | E91: ถามนิติมิตรจากคู่มือ | F91: ระบบต้องมีลิงก์ถามต่อในคู่มือและในแต่ละขั้นตอนที่เติมคำถามในหน้าแชท (/chat?q=) | G91: all | H91: Should (ควรมี) | I91: P1 | J91: AC1: Given กด "ถามนิติมิตร" ที่ขั้นตอนที่ 3 Then ช่องพิมพ์ในหน้าแชทมีคำถามเกี่ยวกับขั้นตอนนั้น (ยังไม่ส่ง) | K91: 1 | L91: เสร็จแล้ว
A92: 88 | B92: FR-TPL-001 | C92: M6 | D92: แบบหนังสือ | E92: แคตตาล็อกแบบหนังสือ | F92: ระบบต้องแสดง /templates: รายการแบบหนังสือเกี่ยวกับสัญญา 5 แบบ (บอกกล่าวให้แก้ไข, บอกเลิกสัญญา, สงวนสิทธิ, โต้แย้งการหักค่าปรับ, แจ้งความชำรุดบกพร่อง) พร้อมคำอธิบาย "ใช้เมื่อไร", ปุ่มดาวน์โหลดแบบเปล่า (DOCX/PDF) และปุ่มกรอกผ่าน wizard | G92: all | H92: Must (ต้องมี) | I92: P1 | J92: AC1: มีแบบหนังสืออย่างน้อย 5 แบบ ดาวน์โหลดได้ทั้ง DOCX และ PDF AC2: ทุกแบบแสดง disclaimer ตาม FR-TPL-008 ก่อนดาวน์โหลด | K92: 2 | L92: เสร็จแล้ว
A93: 89 | B93: FR-TPL-002 | C93: M6 | D93: แบบหนังสือ | E93: Guided Wizard | F93: ระบบต้องมี wizard กรอกแบบหนังสือทีละขั้น (≤ 5 ช่องต่อหน้า), แถบความก้าวหน้า, ย้อนกลับได้; ช่องอ่านจากตัวหนังสือของแบบ และประโยคที่มีเครื่องหมาย [ถ้ามี: …] จะถูกตัดทิ้งเมื่อช่องว่าง | G93: all | H93: Must (ต้องมี) | I93: P1 | J93: AC1: ใช้งานด้วยคีย์บอร์ดได้ครบ, error message ผูกกับฟิลด์ (aria-describedby) | K93: 1 | L93: เสร็จแล้ว
A94: 90 | B94: FR-TPL-003 | C94: M6 | D94: แบบหนังสือ | E94: คำอธิบายรายช่อง | F94: ช่องที่มีคำอธิบายในแบบต้องมีไอคอน (i) เปิดคำอธิบายพร้อมลิงก์มาตรา (เปิดด้วยคีย์บอร์ดได้) | G94: all | H94: Must (ต้องมี) | I94: P1 | J94: AC1: ไอคอน (i) ข้างฟิลด์เปิดคำอธิบายแบบ popover ที่เข้าถึงด้วยคีย์บอร์ดได้ | K94: 1 | L94: เสร็จแล้ว
A95: 91 | B95: FR-TPL-004 | C95: M6 | D95: แบบหนังสือ | E95: เตือนช่องที่ยังไม่ได้กรอก | F95: ระบบต้องเตือนช่องที่ไม่ได้กรอก (ไม่บล็อกการสร้างไฟล์) และตรวจรูปแบบวันที่ผ่านช่องวันที่ของเบราว์เซอร์; ช่องที่ไม่ได้กรอกจะเป็น [ชื่อช่อง] ในไฟล์ให้กรอกเอง | G95: all | H95: Must (ต้องมี) | I95: P1 | J95: AC1: Given ยังมีช่องว่าง Then หน้า "ตรวจทาน" แสดงคำเตือนแต่ยังดาวน์โหลดได้ | K95: 1 | L95: เสร็จแล้ว
A96: 92 | B96: FR-TPL-005 | C96: M6 | D96: แบบหนังสือ | E96: ตัวอย่างก่อนสร้าง (Preview) | F96: ระบบต้องแสดง preview หนังสือพร้อมไฮไลต์ส่วนที่มาจากคำตอบของผู้ใช้ และให้กดส่วนนั้นเพื่อกลับไปแก้ช่อง | G96: all | H96: Must (ต้องมี) | I96: P1 | J96: AC1: คลิกข้อความที่ highlight Then กลับไปยังฟิลด์นั้นใน wizard | K96: 1 | L96: เสร็จแล้ว
... A101: 97 | B101: FR-ADM-001 | C101: M10 | D101: ระบบหลังบ้าน | E101: เข้าถึง Back-office ตามสิทธิ์ | F101: ระบบต้องแสดง /admin/<section> เฉพาะ editor/reviewer/admin โดยแต่ละแท็บแสดงตามสิทธิ์ (review: editor+reviewer+admin; content, laws: editor+admin; feedback, guardrails: reviewer+admin; users, audit, dsr, usage, announcement, orgs, system: admin) | G101: editor, reviewer, admin | H101: Must (ต้องมี) | I101: P1 | J101: AC1: Given editor เปิด /admin/users Then HTTP 403 + audit log (implement: หน้าจอตอบ 404 เพื่อไม่เปิดเผยว่ามีหน้านี้ + audit; API ตอบ 403 + audit) AC2: การเข้า admin ต้องผ่านการยืนยันตัวตนสองชั้น (TOTP) — NFR-SEC-006 (ระบบทดสอบที่ APP_ENV=dev ไม่บังคับ 2FA; หน้า "ผู้ใช้" เตือน "ยังไม่เปิด 2FA — เข้าหลังบ้านไม่ได้เมื่อระบบบังคับ" ใต้ชื่อทีมงานที่ยังไม่เปิด) - หมายเหตุ (สิ่งที่เห็นบนหน้าจอ): เมนู "หลังบ้าน" ในแถบซ้ายต่อท้าย "ที่บันทึกไว้" และเห็นเฉพาะทีมงาน; แถบแท็บบนหน้า /admin/* — editor: "ภาพรวม | งานตรวจเนื้อหา | แก้ไขเนื้อหา | นำเข้าตัวบท"; reviewer: "ภาพรวม | งานตรวจเนื้อหา | คิว feedback | Guardrail"; admin: "ภาพรวม | งานตรวจเนื้อหา | แก้ไขเนื้อหา | นำเข้าตัวบท | คิว feedback | Guardrail | ผู้ใช้ | Audit log | คำขอใช้สิทธิ | การใช้งาน | ประกาศระบบ | องค์กร | ระบบ"; สมาชิกทั่วไปที่เปิด /admin ได้หน้า 404 | K101: 2 | L101: เสร็จแล้ว
A102: 98 | B102: FR-ADM-002 | C102: M10 | D102: ระบบหลังบ้าน | E102: จัดการเนื้อหา (CRUD) ด้วย Markdown Editor | F102: ระบบต้องให้แก้เนื้อหา 4 ชนิด (บทความ, คู่มือ, แบบหนังสือ, คำศัพท์) ด้วย Markdown editor แบบ split preview (แก้ได้เฉพาะฉบับร่าง; ฉบับที่เผยแพร่แล้วเปลี่ยนโดยสร้างฉบับแก้ไขใหม่) และแทรก citation จากช่องค้นหามาตรา (autocomplete) — เนื้อหาใหม่จากไฟล์ใน docs/knowledge-base/ นำเข้าด้วย seed-kb (FR-ADM-021) | G102: editor, admin | H102: Must (ต้องมี) | I102: P1 | J102: AC1: Given พิมพ์ "ปพพ 383" ในช่องอ้างอิง Then แทรก citation token [[law:ccc:383]] ที่ผูกกับ kb.law_sections AC2: autosave draft ทุก 10 วินาที; ป้องกันการแก้ชนกัน (optimistic lock ด้วย version number) | K102: 2 | L102: กำลังทำ | O102: คำศัพท์ที่เผยแพร่แล้วแก้ผ่านหลังบ้านไม่ได้ เพราะคำศัพท์ไม่มีระบบเวอร์ชันและสร้างฉบับแก้ไขใหม่ไม่ได้
A103: 99 | B103: FR-ADM-003 | C103: M10 | D103: ระบบหลังบ้าน | E103: เวอร์ชันและ Diff | F103: ระบบต้องเก็บทุกการบันทึกที่ส่ง review เป็นเวอร์ชัน (immutable) และแสดง diff ระหว่างเวอร์ชัน (ข้อความ + metadata) | G103: editor, reviewer, admin | H103: Must (ต้องมี) | I103: P1 | J103: AC1: reviewer เห็น diff ระหว่างเวอร์ชันที่ส่งตรวจกับเวอร์ชัน published ล่าสุด AC2: กู้คืน (restore) เวอร์ชันเก่าเป็น draft ใหม่ได้ | K103: 2 | L103: กำลังทำ | O103: ผู้ตรวจไม่เห็น diff เทียบฉบับที่เผยแพร่ล่าสุด (diff อยู่เฉพาะหน้าแก้ไขของ editor) และ diff เทียบเฉพาะเนื้อหา ไม่รวมชื่อเรื่อง
A104: 100 | B104: FR-ADM-004 | C104: M10 | D104: ระบบหลังบ้าน | E104: Review Workflow | F104: ระบบต้องบังคับ lifecycle draft → in_review → published → archived ตาม BR-007 (การตีกลับ = review action requested_changes ใน kb.content_reviews แล้วสถานะกลับเป็น draft): reviewer ติ๊กรายการตรวจครบทุกข้อจึงอนุมัติได้ ตีกลับ/ไม่อนุมัติต้องเขียนความเห็น; บันทึกใน kb.content_reviews | G104: editor, reviewer | H104: Must (ต้องมี) | I104: P1 | J104: AC1: Given ผู้อนุมัติเป็นคนเดียวกับผู้ส่งเข้าตรวจล่าสุด Then ระบบปฏิเสธการอนุมัติ (403) AC2: Given อนุมัติ Then เนื้อหา published, reviewed_by/reviewed_at ถูกบันทึก และ job reindex ถูกสร้าง (FR-ADM-007) AC3: ทุกขั้นบันทึกประวัติ (ผู้ทำ, ความเห็น, เวลา) และ audit log | K104: 3 | L104: เสร็จแล้ว
A105: 101 | B105: FR-ADM-005 | C105: M10 | D105: ระบบหลังบ้าน | E105: ตรวจเบื้องต้นของร่างเนื้อหา (Pre-check) | F105: ขณะแก้และเมื่อส่ง review ระบบต้องรันการตรวจอัตโนมัติแบบ deterministic: (ก) การอ้างมาตราที่ไม่มีในคลัง (ข) ตัวเลขที่ไม่มีที่มา (ค) ถ้อยคำรับประกันผล — แสดงเป็นรายการคำเตือนให้ editor/reviewer; เป็นเพียงคำเตือน ไม่ใช่การรับรอง | G105: editor, reviewer | H105: Should (ควรมี) | I105: P1 | J105: AC1: Given ร่างอ้างมาตราที่ไม่มีในคลัง Then pre-check แสดงคำเตือน AC2: pre-check ไม่ publish อะไรเอง | K105: 2 | L105: กำลังทำ | O105: ผู้ตรวจยังไม่เห็นรายการเตือนตรวจเบื้องต้นในหน้างานตรวจเนื้อหา และการส่งตรวจไม่ได้รันหรือแสดงผลตรวจแยกต่างหาก
...

Sheet ข้อกำหนดคุณภาพ (NFR)
A1: ข้อกำหนดคุณภาพที่ MVP ต้องผ่าน
A2: 73 ข้อ · ใช้กับทุกฟีเจอร์ · ที่มา docs/02-srs.md §5 ฉบับ 1.8 (1 ต.ค. 2569)
A4: ลำดับ | B4: รหัส | C4: หมวด | D4: ข้อกำหนด | E4: เป้าหมาย | F4: วิธีวัด | G4: สถานะ/ผลตรวจล่าสุด (ตาม SRS)
A5: 1 | B5: NFR-PERF-001 | C5: Performance | D5: TTFT ของแชท (ส่ง → chunk แรก) | E5: p50 ≤ 1.5s, p95 ≤ 3s (ไม่รวมคิวเมื่อเกิน capacity) | F5: APM + ตัวชี้วัดของ AI service | G5: ผลตรวจ 30 ก.ย. 2569: ~21 VUs p95 144 ms; 200 streams พร้อมกัน p95 3.48 s (เกิน 3 s เล็กน้อย) (spec §7.13 E)
A6: 2 | B6: NFR-PERF-002 | C6: Performance | D6: Page load (LCP) หน้า content บน 4G จำลอง | E6: ≤ 2.5s p75 | F6: Lighthouse CI / RUM
A7: 3 | B7: NFR-PERF-003 | C7: Performance | D7: Search latency (search) | E7: ≤ 800ms p95 | F7: APM | G7: ผลตรวจ 30 ก.ย. 2569: ค้นหา p95 149 ms (~21 VUs), 695 ms (58 VUs) — ผ่าน
A8: 4 | B8: NFR-PERF-004 | C8: Performance | D8: JSON API ทั่วไป | E8: ≤ 300ms p95 | F8: APM | G8: ผลตรวจ 30 ก.ย. 2569: API ทั่วไป p95 88 ms (~21 VUs) ผ่าน; 406 ms ที่ 58 VUs พร้อมกันบนเครื่องทดสอบที่ใช้ร่วม (ไม่ผ่าน) — ต้องรันหลาย instance/แยกเครื่อง และวัดซ้ำบนเครื่อง production
A9: 5 | B9: NFR-PERF-005 | C9: Performance | D9: Concurrent chat streams | E9: 200 streams พร้อมกัน | F9: load test (k6) | G9: ผลตรวจ 30 ก.ย. 2569: 200 streams พร้อมกันสำเร็จ 1,939/1,939 ไม่มีข้อผิดพลาด ; TTFT เกินเป้าเล็กน้อย
A10: 6 | B10: NFR-PERF-006 | C10: Performance | D10: เวลาจบคำตอบ (complete) | E10: p95 ≤ 30s | F10: APM | G10: ผลตรวจ 30 ก.ย. 2569: แชทจบ p95 5.8 s (~21 VUs), 21.4 s (200 streams) — ผ่านเกณฑ์ 30 s
A11: 7 | B11: NFR-PERF-007 | C11: Performance | D11: JS/CSS ขนาด (gzip) ที่โหลดครั้งแรก | E11: ≤ 250KB (ไม่รวม lazy-load) | F11: CI budget
A12: 8 | B12: NFR-PERF-008 | C12: Performance | D12: Reindex หลัง publish | E12: ≤ 10 นาที | F12: job metrics
A13: 9 | B13: NFR-PERF-009 | C13: Performance | D13: หน้า login/register/legal เรนเดอร์ฝั่ง server มี <title>/meta description ต่อหน้า, มี sitemap.xml + robots.txt; หน้าแชท/หลังบ้าน/แชร์ตั้ง noindex (หน้าคลังความรู้อยู่หลัง login จึงไม่ถูกจัดทำดัชนี) | E13: <title> ครบทุกหน้า, หน้าที่ต้อง noindex ไม่ปรากฏใน sitemap | F13: ตรวจใน web/tests/screens.mjs
A14: 10 | B14: NFR-REL-001 | C14: Reliability & Availability | D14: Availability ของบริการเว็บ (ไม่รวม maintenance ที่แจ้งล่วงหน้า) | E14: 99.5% ต่อเดือน
A15: 11 | B15: NFR-REL-002 | C15: Reliability & Availability | D15: Backup DB | E15: full รายวัน + WAL archiving; RPO ≤ 24 ชม. | G15: ผลตรวจ 30 ก.ย. 2569: บางส่วน: backup รายวันเข้ารหัสด้วย scripts/backup.sh (RPO = ช่วงห่างของ backup); ยังไม่มี WAL archiving และยังไม่ได้ติดตั้ง timer (ต้อง sudo)
A16: 12 | B16: NFR-REL-003 | C16: Reliability & Availability | D16: Restore | E16: RTO ≤ 4 ชม.; ทดสอบ restore ทุกไตรมาส | G16: ผลตรวจ 30 ก.ย. 2569: บางส่วน: scripts/restore-test.sh กู้ลงฐานข้อมูลชั่วคราวและตรวจได้ใน ~10 วินาที (ข้อมูลทดสอบเล็ก); ยังไม่ได้ซ้อมกู้บนเครื่องอื่นและยังไม่ได้วัด RTO จริง
A17: 13 | B17: NFR-REL-004 | C17: Reliability & Availability | D17: Graceful degradation | E17: เมื่อ AI service ไม่พร้อม: หน้าอ่านเนื้อหา (คลังความรู้/ตัวบท/คู่มือ) ยังใช้ได้, แชทแสดงข้อความ unavailable
A18: 14 | B18: NFR-REL-005 | C18: Reliability & Availability | D18: Job retry | E18: job ล้มเหลว retry แบบ exponential backoff สูงสุด 5 ครั้ง แล้วเข้า dead-letter + แจ้ง admin
A19: 15 | B19: NFR-SEC-001 | C19: Security | D19: OWASP ASVS 4.0 Level 2 สำหรับ web tier; ผ่าน pentest ก่อนเปิด P1 | G19: ผลตรวจ 30 ก.ย. 2569: บางส่วน: ตรวจภายใน (audit dependency, gitleaks, ZAP baseline, e2e สิทธิ์) — ยังไม่มี pentest โดยบุคคลที่สาม ซึ่งเกณฑ์กำหนดก่อนเปิด P1
A20: 16 | B20: NFR-SEC-002 | C20: Security | D20: รหัสผ่านเก็บด้วย scrypt (ค่าเริ่มต้นของ Better Auth) ไม่เก็บรหัสผ่านเป็นข้อความธรรมดา
A21: 17 | B21: NFR-SEC-003 | C21: Security | D21: Session cookie lc.session_token (Better Auth, cookie prefix lc, DB session ใน Postgres) HttpOnly; Secure; SameSite=Lax, ออก session ใหม่เมื่อ login/เปลี่ยนสิทธิ์; CSRF: ตรวจ Origin + token X-CSRF-Token
A22: 18 | B22: NFR-SEC-004 | C22: Security | D22: Security headers: CSP (ไม่อนุญาต inline script ยกเว้น nonce/hash ที่กำหนด), HSTS, X-Content-Type-Options, X-Frame-Options SAMEORIGIN, Referrer-Policy, Permissions-Policy, COOP — อย่างน้อยเทียบเท่า AI-EDW
A23: 19 | B23: NFR-SEC-005 | C23: Security | D23: SQL: prepared statements เท่านั้น; ไม่มี dynamic SQL จาก input
A24: 20 | B24: NFR-SEC-006 | C24: Security | D24: บัญชี editor/reviewer/admin ต้องเปิด TOTP 2FA
A25: 21 | B25: NFR-SEC-007 | C25: Security | D25: Rate limit: login 10/นาที/IP, API 120/นาที/ผู้ใช้, stream 3 พร้อมกัน/ผู้ใช้, share password 5 ครั้ง/15 นาที | G25: ผลตรวจ 30 ก.ย. 2569: ทำแล้ว: API 120/นาที/ผู้ใช้ (Redis), stream 3 พร้อมกัน, sign-in 10/นาที/IP, ล็อกรหัสผ่านลิงก์แชร์ต่อลิงก์ + เพิ่ม 20/นาที/IP; เพิ่มแชท 12/นาที (guest 6), อัปโหลด 6/นาที
A26: 22 | B26: NFR-SEC-008 | C26: Security | D26: Secrets ใน env/secret store เท่านั้น (ไม่มีใน git — ตรวจด้วย gitleaks); คีย์ของ API ภายนอก (ฐานความรู้ของบริษัท) อยู่เฉพาะ AI service
A27: 23 | B27: NFR-SEC-009 | C27: Security | D27: Dependency scanning (pnpm audit, pip-audit) และ container scanning ใน CI; ไม่มีช่องโหว่ระดับ High/Critical ที่ยังไม่แก้ก่อน release | G27: ผลตรวจ 30 ก.ย. 2569: บางส่วน: pnpm audit (1 moderate ใน dev tooling), pip-audit (0), gitleaks (0) ผ่าน scripts/security-scan.sh; ยังไม่มี CI/container scanning
A28: 24 | B28: NFR-SEC-011 | C28: Security | D28: ไฟล์อัปโหลด: ตรวจ MIME จริง (magic bytes), จำกัดขนาด, สแกนไวรัส, เก็บนอก web root, เสิร์ฟผ่าน signed URL
A29: 25 | B29: NFR-SEC-012 | C29: Security | D29: Tenant isolation: ทุกตารางที่เป็นขององค์กรมี org_id; ทุก query ผ่าน data-access layer ที่บังคับเงื่อนไข org_id + membership; ชุดทดสอบ cross-tenant อัตโนมัติผ่าน 100% ทุก PR; pentest ครอบคลุม IDOR ข้ามองค์กร
A30: 26 | B30: NFR-PRIV-001 | C30: Privacy (PDPA) | D30: มีประกาศความเป็นส่วนตัว (privacy notice) ภาษาไทย/อังกฤษ ระบุวัตถุประสงค์, ฐานทางกฎหมาย, ระยะเวลาเก็บ, ผู้รับข้อมูล (รวม API ฐานความรู้ของบริษัทเมื่อเปิดใช้), สิทธิเจ้าของข้อมูล, ช่องทางติดต่อ DPO
A31: 27 | B31: NFR-PRIV-002 | C31: Privacy (PDPA) | D31: Consent แยกวัตถุประสงค์และถอนได้ (FR-AUTH-009/010); บันทึกหลักฐาน consent
A32: 28 | B32: NFR-PRIV-003 | C32: Privacy (PDPA) | D32: ข้อมูลที่อาจเป็นข้อมูลอ่อนไหวที่ระบบเก็บ (ไฟล์สัญญาและข้อความที่สกัด — NFR-PRIV-009) เข้ารหัส (AES-256-GCM, envelope encryption, key แยกจาก DB)
A33: 29 | B33: NFR-PRIV-004 | C33: Privacy (PDPA) | D33: PII masking ก่อนค้นหา บันทึก และส่งไป API ภายนอก (FR-AI-012); ไม่ส่ง user id/อีเมลไปยัง API ภายนอก
A34: 30 | B34: NFR-PRIV-005 | C34: Privacy (PDPA) | D34: Data minimization: application log ไม่มีข้อความแชทดิบ/เนื้อหาคดี; analytics ใช้ข้อมูลแบบรวมหรือ pseudonymized
A35: 31 | B35: NFR-PRIV-006 | C35: Privacy (PDPA) | D35: สิทธิเจ้าของข้อมูล: เข้าถึง/ขอสำเนา (FR-AUTH-017), ลบ (FR-AUTH-018), แก้ไข (โปรไฟล์), คัดค้าน/ถอน consent — ดำเนินการภายใน 30 วัน
A36: 32 | B36: NFR-PRIV-007 | C36: Privacy (PDPA) | D36: Retention ตาม §6.2 และ job ลบอัตโนมัติที่ตรวจสอบได้ (log จำนวนที่ลบ)
A37: 33 | B37: NFR-PRIV-008 | C37: Privacy (PDPA) | D37: มี data breach runbook: แจ้ง สคส. ภายใน 72 ชม. ตามหลักเกณฑ์ PDPA (ดู 03-technical-spec.md §7)
A38: 34 | B38: NFR-PRIV-009 | C38: Privacy (PDPA) | D38: ข้อมูลสัญญาขององค์กร: ไฟล์และข้อความที่สกัดเข้ารหัส (AES-256-GCM) แยก key ต่อองค์กรได้; เก็บตาม retention ขององค์กร (BR-024); ไม่ใช้นอกวัตถุประสงค์ของบริการ (FR-CR-010); มี DPA (องค์กร = ผู้ควบคุมข้อมูล, ผู้ให้บริการ = ผู้ประมวลผล) ก่อนเริ่มใช้งาน
A39: 35 | B39: NFR-A11Y-001 | C39: Accessibility | D39: สอดคล้อง WCAG 2.2 ระดับ AA ทุกหน้าผู้ใช้ปลายทาง
A40: 36 | B40: NFR-A11Y-002 | C40: Accessibility | D40: Contrast ข้อความปกติ ≥ 4.5:1, ข้อความใหญ่/ไอคอน ≥ 3:1 ทั้ง light และ dark | G40: ผลตรวจ 30 ก.ย. 2569: axe ไม่พบ contrast ผิดใน 124 ชุด (light/dark, ไทย/อังกฤษ, desktop/375px) หลังแก้ token
A41: 37 | B41: NFR-A11Y-003 | C41: Accessibility | D41: ใช้งานด้วยคีย์บอร์ดได้ครบ, focus ring ชัดเจน, focus trap ใน modal/drawer, Esc ปิด
A42: 38 | B42: NFR-A11Y-004 | C42: Accessibility | D42: พื้นที่แชทเป็น role="log" aria-live="polite"; safety notice role="alert"; สถานะ stream ประกาศโดยไม่รบกวน (ไม่ประกาศทุก chunk)
A43: 39 | B43: NFR-A11Y-005 | C43: Accessibility | D43: Target size ≥ 24×24 CSS px (แนะนำ 44×44 บนมือถือ)
A44: 40 | B44: NFR-A11Y-006 | C44: Accessibility | D44: รองรับการขยายข้อความ 200% โดยไม่เสียการใช้งาน; ขนาดตัวอักษรเนื้อหาเริ่มต้น ≥ 16px
A45: 41 | B45: NFR-A11Y-007 | C45: Accessibility | D45: prefers-reduced-motion ปิด animation ที่ไม่จำเป็น
A46: 42 | B46: NFR-A11Y-008 | C46: Accessibility | D46: ทดสอบด้วย axe-core ใน CI (0 violations ระดับ serious/critical) + ทดสอบ manual ด้วย NVDA/VoiceOver ก่อน release ใหญ่ | G46: ผลตรวจ 30 ก.ย. 2569: axe ผ่าน (0 serious/critical) ด้วย scripts/e2e-a11y.sh — ยังไม่ได้รันใน CI (ไม่มี CI) และยังไม่ได้ทดสอบ screen reader
A47: 43 | B47: NFR-I18N-001 | C47: Internationalization | D47: รองรับ th (ค่าเริ่มต้น) และ en ครบทุกข้อความ UI
A48: 44 | B48: NFR-I18N-002 | C48: Internationalization | D48: ข้อความ UI อยู่ใน web/messages/<locale>.json ใช้ผ่าน next-intl (Server และ Client Components); ชุดทดสอบ Vitest (web/tests/unit/i18n.test.ts) ตรวจว่า key ของ th/en ตรงกันและข้อความอังกฤษไม่มีอักษรไทย
A49: 45 | B49: NFR-I18N-003 | C49: Internationalization | D49: วันที่: เก็บ UTC, แสดงเขตเวลา Asia/Bangkok, locale th ใช้ปี พ.ศ. (เช่น "24 ก.ย. 2569")
A50: 46 | B50: NFR-I18N-004 | C50: Internationalization | D50: การเรียงลำดับข้อความไทยใช้ collation ไทย (ICU th-TH)
A51: 47 | B51: NFR-I18N-005 | C51: Internationalization | D51: รองรับ input เลขไทย (๐–๙) ในการค้นหาและฟอร์มตัวเลข
A52: 48 | B52: NFR-I18N-006 | C52: Internationalization | D52: เนื้อหาคลังความรู้ P1 เป็นภาษาไทย; เนื้อหาที่ไม่มีคำแปลแสดงภาษาไทยพร้อมป้าย "ยังไม่มีฉบับแปล"
A53: 49 | B53: NFR-USAB-001 | C53: Usability | D53: ผู้ใช้ใหม่ถามคำถามแรกได้ภายใน 30 วินาทีจากการเข้าเว็บ (guest, usability test ≥ 80% สำเร็จ)
A54: 50 | B54: NFR-USAB-002 | C54: Usability | D54: เนื้อหาระดับ "พื้นฐาน" ใช้ภาษาไทยง่าย: ประโยคสั้น, ศัพท์กฎหมายต้องอธิบายหรือมี tooltip; ตรวจโดย checklist ของ editor/reviewer
A55: 51 | B55: NFR-USAB-003 | C55: Usability | D55: ทุก flow หลัก (J1–J4 ใน blueprint) ผ่าน usability test กับผู้ใช้จริง ≥ 5 คน/flow ก่อนเปิด phase ที่เกี่ยวข้อง, SUS ≥ 70
A56: 52 | B56: NFR-USAB-004 | C56: Usability | D56: ข้อความปุ่ม/เมนูเป็นคำกริยาที่ชัดเจน ไม่ใช้ศัพท์เทคนิค
A57: 53 | B57: NFR-USAB-005 | C57: Usability | D57: ไม่มีการกระทำที่ทำลายข้อมูลโดยไม่ confirm; การลบแชท โฟลเดอร์ สัญญา และบัญชีผ่าน dialog ยืนยัน
A58: 54 | B58: NFR-OBS-001 | C58: Observability | D58: Structured JSON logs ทุก service พร้อม request_id, user_id (pseudonymized), chat_id, latency, status — ไม่มีข้อความแชทดิบ/เนื้อหาคดี/PII
... A69: 65 | B69: NFR-COST-003 | C69: Cost / Quota | D69: Quota ต่อ role (BR-001), quota ต่อองค์กร (BR-023) และ rate limit (NFR-SEC-007); ผู้ดูแลระบบหยุดแชท/การอัปโหลดฉุกเฉินได้ด้วย kill switch (FR-ADM-024)
A70: 66 | B70: NFR-LEGAL-001 | C70: Legal Content Quality & Compliance | D70: อัตราการอ้างมาตรา/กฎหมายที่ไม่มีจริงหรือไม่ตรงกับคลังความรู้ ในคำตอบที่ผู้ใช้เห็น | E70: ≤ 0.5% (ชุดทดสอบ + สุ่มตรวจ production รายเดือน ≥ 200 คำตอบ)
A71: 67 | B71: NFR-LEGAL-002 | C71: Legal Content Quality & Compliance | D71: Citation accuracy | E71: ≥ 95%
A72: 68 | B72: NFR-LEGAL-003 | C72: Legal Content Quality & Compliance | D72: Disclaimer แสดงในทุกคำตอบของแชท, ทุกเอกสารที่สร้าง, footer ทุกหน้า | E72: 100%
A73: 69 | B73: NFR-LEGAL-004 | C73: Legal Content Quality & Compliance | D73: เนื้อหาที่ publish ผ่าน reviewer ที่ไม่ใช่ผู้เขียน | E73: 100%
A74: 70 | B74: NFR-LEGAL-005 | C74: Legal Content Quality & Compliance | D74: รอบทบทวนเนื้อหา (BR-008); สัดส่วนเนื้อหาที่เลยรอบทบทวน | E74: ≤ 5%
A75: 71 | B75: NFR-LEGAL-006 | C75: Legal Content Quality & Compliance | D75: ตัวบทใหม่/แก้ไขที่ประกาศในราชกิจจานุเบกษา (ในขอบเขตกฎหมายที่มีในคลังความรู้) ถูกนำเข้า | E75: ภายใน 14 วันหลังประกาศ
A76: 72 | B76: NFR-LEGAL-007 | C76: Legal Content Quality & Compliance | D76: ไม่มีฟีเจอร์ที่เป็นการว่าความ/ร่างคำคู่ความแทนผู้ใช้ (FR-TPL-009) | E76: ตรวจทุก release โดยที่ปรึกษากฎหมาย
A77: 73 | B77: NFR-LEGAL-008 | C77: Legal Content Quality & Compliance | D77: Safety triage recall (FR-AI-009) | E77: ≥ 0.98 (เป้าหมาย 1.00; smoke set ต้อง = 1.00 — ตาม 03-technical-spec.md §4.1, §4.10)

Sheet กฎธุรกิจ (BR)
A1: กฎธุรกิจ
A2: 23 ข้อ · ที่มา docs/02-srs.md §7 ฉบับ 1.8 (1 ต.ค. 2569)
A4: ลำดับ | B4: รหัส | C4: กฎ
A5: 1 | B5: BR-001 | C5: Quota ข้อความแชทต่อวัน (ตั้งด้วย env GUEST_DAILY_MESSAGES / MEMBER_DAILY_MESSAGES; staff คงที่ 300; นับใน app.usage_counters): guest 10, member 100, editor/reviewer/admin 300; รีเซ็ต 00:00 Asia/Bangkok; regenerate นับ 1; ข้อความที่ล้มเหลวจากฝั่งระบบไม่นับ
A6: 2 | B6: BR-002 | C6: ความยาวข้อความผู้ใช้สูงสุด 4,000 อักษร
A7: 3 | B7: BR-003 | C7: แชทของ guest ถูกลบถาวรเมื่อไม่มีการใช้งาน 24 ชม.
A8: 4 | B8: BR-004 | C8: ลิงก์แชร์: หมดอายุค่าเริ่มต้น 30 วัน, สูงสุด 365 วัน; รหัสผ่านไม่บังคับ (ถ้าตั้ง ≥ 6 อักษร); ผู้ใช้ 1 คนมีลิงก์ active ได้ ≤ 50
A9: 5 | B9: BR-005 | C9: Disclaimer: (ก) footer ทุกหน้า (ข) ท้ายทุกคำตอบเชิงกฎหมาย (ค) ทุกเอกสารที่สร้าง — ข้อความมาตรฐานมาจาก i18n และแก้ได้เฉพาะ admin + reviewer
A10: 6 | B10: BR-006 | C10: Safety escalation categories (ตาม 03-technical-spec.md §0.2): domestic_violence (รวมความรุนแรงทางเพศ), child_abuse (รวมการค้ามนุษย์ที่เกี่ยวกับเด็ก), self_harm, threat_violence (ถูกขู่/อันตรายต่อชีวิต รวมการค้ามนุษย์), arrest_detention, scam_in_progress (กำลังถูกหลอกโอนเงิน), deadline_imminent (เรื่องที่มีกำหนดเวลาใกล้ถึง เช่น วันนัดศาล หมายเรียก อายุความ) — ระดับ urgent หรือ caution; จัดระดับด้วยชุดคำสำคัญ และหมายเลขติดต่อต้องมาจากข้อมูลที่ตรวจยืนยันแล้วเท่านั้น (ปัจจุบันยังไม่มี)
A11: 7 | B11: BR-007 | C11: Content lifecycle: draft → in_review → published → archived; การตีกลับ = review action requested_changes → กลับเป็น draft แล้วส่ง in_review ใหม่ได้ (วนได้หลายรอบ); ผู้อนุมัติ ≠ ผู้ส่งเข้าตรวจล่าสุด; published แก้ตรงไม่ได้ (สร้าง draft เวอร์ชันใหม่)
A12: 8 | B12: BR-008 | C12: รอบทบทวน (review_due_at): เนื้อหา (บทความ/คู่มือ/แบบหนังสือ) ที่อ้างมาตราซึ่งถูกแก้ไขต้องถูกตั้ง review_due_at ทันทีเมื่อตัวบทฉบับใหม่ได้รับอนุมัติ (FR-ADM-009)
A13: 9 | B13: BR-009 | C13: การเลือกเวอร์ชันตัวบท: ใช้เวอร์ชันที่ effective_from ≤ วันที่อ้างอิง (as_of, ค่าเริ่มต้น = วันนี้) < effective_to; ห้ามลบเวอร์ชันเก่า ให้ปิดวันแทน
A14: 10 | B14: BR-010 | C14: Citation อ้างได้เฉพาะ: มาตราในตัวบทที่มีในคลัง และบทความ/คู่มือ/คำศัพท์ในคลัง (published; ฉบับร่างเฉพาะระบบทดสอบและติดป้ายฉบับร่าง)
A15: 11 | B15: BR-012 | C15: ลบบัญชี: pending_deletion 30 วัน (login เพื่อยกเลิกได้) → ลบถาวร; audit log เก็บแบบ pseudonymized จนครบ 1 ปี
A16: 12 | B16: BR-013 | C16: ชื่อแชท: ตั้งอัตโนมัติ 1 ครั้งหลังคำตอบแรก, ≤ 60 อักษร, ไม่มี PII; ถ้าผู้ใช้เปลี่ยนชื่อเอง ตั้ง app.chats.title_source = 'user' และระบบจะไม่เขียนทับ
... A27: 23 | B27: BR-027 | C27: ข้อความในระบบห้ามอ้างว่าเนื้อหา/ผลตรวจผ่านการตรวจหรือรับรองโดยบุคคลหรือหน่วยงานใด เว้นแต่มีบันทึกการ approve จริงใน kb.content_reviews

Sheet หลังเฟส MVP
A1: ฟีเจอร์ที่ไม่อยู่ใน MVP (เฟส 2–3)
A2: 50 ฟีเจอร์ · ไว้ดูขอบเขต ยังไม่ต้องทำในรอบนี้ · ไม่อยู่ใน docs/02-srs.md ฉบับ 1.8 (ฟีเจอร์ที่เคยอยู่ใน MVP แล้วถูกตัดออกย้ายมาไว้ที่นี่ เฟส P2)
A4: ลำดับ | B4: รหัส | C4: โมดูล | D4: ชื่อโมดูล | E4: ฟีเจอร์ | F4: รายละเอียด | G4: ความสำคัญ | H4: เฟส
A5: 1 | B5: FR-AUTH-020 | C5: M1 | D5: บัญชีผู้ใช้และการเข้าถึง | E5: เข้าสู่ระบบด้วย Google / LINE | F5: ระบบควรรองรับ OAuth 2.0 / OpenID Connect กับ Google และ LINE Login; ผูกกับบัญชีอีเมลเดิมได้หลังยืนยัน | G5: Should (ควรมี) | H5: P2
A6: 2 | B6: FR-CHAT-024 | C6: M2 | D6: แชทถามกฎหมาย (หน้าจอและการใช้งาน) | E6: ลากจัดลำดับ/ย้ายเข้าโฟลเดอร์ | F6: ระบบต้องให้ลากแชทเพื่อจัดลำดับหรือวางลงโฟลเดอร์ (desktop) และมีเมนู "ย้ายไปโฟลเดอร์…" สำหรับมือถือ/คีย์บอร์ด | G6: Could (อาจมี) | H6: P2
A7: 3 | B7: FR-CHAT-033 | C7: M2 | D7: แชทถามกฎหมาย (หน้าจอและการใช้งาน) | E7: แนบไฟล์ในแชท | F7: ระบบควรให้แนบรูป (jpg/png/webp) หรือ PDF ในแชทผ่านปุ่มแนบหรือ drag & drop เพื่อให้ระบบอ่านเอกสาร (เช่น สัญญา, หมายศาล, ใบสั่ง) ประกอบการค้นข้อมูลที่เกี่ยวข้อง โดยต้องมี consent ข้อมูลอ่อนไหวและแสดงคำเตือนข้อมูลส่วนบุคคลก่อนส่ง (การอัปโหลดสัญญาขององค์กรมีแล้วใน M12) | G7: Should (ควรมี) | H7: P2
A8: 4 | B8: FR-CHAT-035 | C8: M2 | D8: แชทถามกฎหมาย (หน้าจอและการใช้งาน) | E8: อ่านออกเสียงคำตอบ | F8: ระบบอาจมีปุ่มอ่านออกเสียงคำตอบด้วย Web Speech API (ภาษาไทย) โดยข้าม citation markers | G8: Could (อาจมี) | H8: P2
A9: 5 | B9: FR-KB-004 | C9: M3 | D9: คลังความรู้ | E9: สลับระดับเนื้อหา | F9: เมื่อบทความมีหลายระดับของหัวข้อเดียวกัน (group เดียวกัน) ระบบควรมีตัวสลับ "อ่านแบบง่าย / แบบปฏิบัติ / แบบเชิงลึก" | G9: Should (ควรมี) | H9: P2
A10: 6 | B10: FR-KB-007 | C10: M3 | D10: คลังความรู้ | E10: ประวัติเวอร์ชันและดู ณ วันที่ | F10: ระบบต้องแสดงประวัติการแก้ไขของแต่ละมาตรา (เวอร์ชัน, effective_from/to, กฎหมายที่แก้ไข) และให้ดูตัวบท "ณ วันที่" ที่เลือก พร้อม diff ระหว่างเวอร์ชัน | G10: Should (ควรมี) | H10: P2
A11: 7 | B11: FR-KB-012 | C11: M3 | D11: คลังความรู้ | E11: ฎีกาน่ารู้ | F11: ระบบต้องแสดงคำพิพากษาศาลฎีกาที่คัดเลือก: เลขที่คำพิพากษา/ปี, ประเด็น, ข้อเท็จจริงโดยย่อ, คำวินิจฉัย, หลักที่ได้, มาตราที่เกี่ยวข้อง, ลิงก์ต้นฉบับ; ค้นด้วยเลขฎีกาได้ (เช่น "ฎีกา 1234/2560") | G11: Should (ควรมี) | H11: P2
A12: 8 | B12: FR-KB-013 | C12: M3 | D12: คลังความรู้ | E12: FAQ | F12: ระบบต้องมี FAQ ต่อหมวดแบบ accordion (คำถาม-คำตอบสั้นพร้อม citation) และใช้เป็นการ์ดตัวอย่างคำถามได้ | G12: Should (ควรมี) | H12: P2
A13: 9 | B13: FR-KB-017 | C13: M3 | D13: คลังความรู้ | E13: ไฮไลต์และโน้ตส่วนตัว | F13: ระบบอาจให้ member ไฮไลต์ข้อความในบทความ/ตัวบทและเพิ่มโน้ตส่วนตัว | G13: Could (อาจมี) | H13: P2
A14: 10 | B14: FR-LRN-001 | C14: M4 | D14: เรียนจาก 0 | E14: แคตตาล็อกหลักสูตร | F14: ระบบต้องแสดง /learn: การ์ดหลักสูตร (ชื่อ, คำอธิบาย, ระดับ, จำนวนบทเรียน, เวลาเรียนรวมโดยประมาณ, ความก้าวหน้าของผู้ใช้) และส่วน "เรียนต่อจากที่ค้าง" | G14: Must (ต้องมี) | H14: P2
A15: 11 | B15: FR-LRN-002 | C15: M4 | D15: เรียนจาก 0 | E15: หน้าหลักสูตร | F15: ระบบต้องแสดงรายการบทเรียนเรียงลำดับ พร้อมสถานะ (ล็อก / พร้อมเรียน / เรียนแล้ว / ผ่าน quiz), วัตถุประสงค์การเรียนรู้ และแถบความก้าวหน้า % | G15: Must (ต้องมี) | H15: P2
A16: 12 | B16: FR-LRN-003 | C16: M4 | D16: เรียนจาก 0 | E16: หน้าบทเรียน | F16: ระบบต้องแสดงบทเรียน (markdown + รูป/infographic + citation + glossary tooltip), เวลาอ่าน, ปุ่ม "ก่อนหน้า/ถัดไป", "ทำแบบทดสอบ" และ "ถามนิติมิตรเกี่ยวกับบทนี้" | G16: Must (ต้องมี) | H16: P2
... A54: 50 | B54: FR-ADM-020 | C54: M10 | D54: ระบบหลังบ้าน | E54: Authoring หลักสูตรและ Quiz | F54: ระบบต้องให้สร้างหลักสูตร (ลำดับบทเรียน, โหมด sequential/free), บทเรียน, คำถาม quiz (ชนิด, ตัวเลือก, เฉลย, คำอธิบาย, citation, เกณฑ์ผ่าน) ผ่าน review workflow | G54: Must (ต้องมี) | H54: P2
